name,alt_name,owner
Aaron Brown,,
Aaron Haase,,
Aaron Holiday,,
Aaron McKeithan,,
Aaron Ochsenbein,,
Aaron Palensky,,
Aaron Whitefield,,
Abdias De La Cruz,,
Abelado Lopez,,
Accimias Morales,,
Adam Crampton,,
Adam Hackenberg,,
Adam Leverett,,
Adam Retzbach,,
Adam Serwinowski,,
Adam Shoemaker,,
Adam Smith,,
Adam Stauffer,,
Adam Tulloch,,
Adam Tulloch,,
Adam Zebrowski,,
Addison Russ,,
Adrian Chaidez,,
Adrian Hernandez,,
Adrian Rodriguez,,
Adrian Sugastey,,
Agustin Ramirez,,
Agustin Ruiz,,
Aidan Maldonado,,
Aiden McIntyre,,
AJ Block,,
AJ Graham,,
AJ Lewis,,
Alan Rangel,,
Alaska Abney,,
Alberis Ferrer,,
Albert Oliva,,
Alberto Ciprian,,
Alberto Pacheco,,
Alec Sayre,,
Alejandro Melean,,
Alessandro Duran,,
Alex Alaya Jr,,
Alex Amalfi,,
Alex Bustamante,,
Alex Cook,,
Alex Cornwell,,
Alex Destino,,
Alex Garbick,,
Alex Hoppe,,
Alex Iadisernia,,
Alex Isola,,
Alex McGarry,,
Alex Pham,,
Alex Rao,,
Alex Williams,,
Alexander Alberto,,
Alexander Martinez,,
Alexander Pena,,
Alexander Perez,,
Alexis Hernandez,,
Alfonso Hernandez,,
Alfred Vega,,
Alfredo Ruiz,,
Alfredo Zarraga,,
Alimber Santa,,
Alonzo Rubalcaba,,
Alsander Womack,,
Amador Arias,,
Amell Brazoban,,
Anderson Comas,,
Anderson De Los Santos,,
Anderson Nova,,
Anderson Paulino,,
Anderson Severino,,
Andre Granillo,,
Andres Alvarez,,
Andres Mesa,,
Andrew Alvarez,,
Andrew Cossetti,,
Andrew Jenkins,,
Andrew Kachel,,
Andrew Keck,,
Andrew Marrero,,
Andrew Misiaszek,,
Andrew Moore,,
Andrew Owen,,
Andrew Perez,,
Andrew Peters,,
Andrew Saalfrank,,
Andrew Salcedo,,
Andrew Schultz,,
Andrew Vail,,
Andrew Walling,,
Andry Arias,,
Andy Encarnacion,,
Andy Garriola,,
Angel Chivilli,,
Angel De Jesus,,
Angel Del Rosario,,
Angel Felipe,,
Angel Gonzalez,,
Angel Guaiquirian,,
Angel Mateo,,
Angel Zarate,,
Angeudis Santos,,
Anthony Prato,,
Anthony Rodriguez,,
Anthony Simonelli,,
Anthony Veneziano,,
Anthony Vilar,,
Antonio Barranca,,
Antonio Jimenez,,
Antonio Knowles,,
Antonio Menendez,,
Ashton McGee,,
Austin Becker,,
Austin Callahan,,
Austin Charles,,
Austin Hansen,,
Austin Krob,,
Austin Marozas,,
Austin Peterson,,
Austin Roberts,,
Austin Schulfer,,
Austin Schultz,,
Austin Smith,,
Austin Temple,,
Austin Vernon,,
Austin Warner,,
Axel Andueza,,
Bailey Dees,,
Beau Brewer,,
Ben Beutel,,
Ben Brecht,,
Ben Brutti,,
Ben DeLuzio,,
Ben Ethridge,,
Ben Gobbel,,
Ben Gross,,
Ben Malgeri,,
Ben Metzinger,,
Ben Peoples,,
Ben Ramirez,,
Ben Rice,,
Ben Ross,,
Ben Sears,,
Benjamin Cowles,,
Benjamin Sems,,
Bennett Hostetler,,
Beyker Pastran,,
Bill Knight,,
Billy Cook,,
Billy Corcoran,,
Billy Seidl,,
Billy Sullivan,,
BJ Murray Jr,,
BJ Vela,,
Blaine McIntosh,,
Blair Calvo,,
Blake Adams,,
Blake Beers,,
Blake Brown,,
Blake Dunn,,
Blake Goldsberry,,
Blake Holub,,
Blake Klassen,,
Blake Rambusch,,
Blake Robertson,,
Blaze Pontes,,
Bo Bonds,,
Bobby Seymour,,
Brad Cumbest,,
Brad Lord,,
Brad Malm,,
Braden Nett,,
Braden Olthoff,,
Bradford Webb,,
Bradley Brehmer,,
Brady Feigl,,
Brady Hill,,
Braeden Fausnaught,,
Braedon Karpathios,,
Braian Salazar,,
Braiden Ward,,
Branden Noriega,,
Brandon Birdsell,,
Brandon Birdsell,,
Brandon Dufault,,
Brandon Johnson,,
Brandon Knarr,,
Brandon Neeck,,
Brandon Schaeffer,,
Brandon White,,
Brannon Jordan,,
Brant Hurter,,
Braxton Fulford,,
Braxton Hyde,,
Brayan Castillo,,
Brayan Rijo,,
Braylin Tavera,,
Breillin Ramirez,,
Brendan Cellucci,,
Brendan Collins,,
Brendan Tinsman,,
Brenden Dixon,,
Brennan Milone,,
Brennon McNair,,
Brett Barrera,,
Brett Gillis,,
Brett Johnson,,
Brett Roberts,,
Brett Standlee,,
Brian Fitzpatrick,,
Brian Gursky,,
Brian Klein,,
Brian Metoyer,,
Brian Rey,,
Brian Van Belle,,
Brody Jessee,,
Brody McCullough,,
Brody Moore,,
Brooks Baldwin,,
Brooks Baldwin,,
Bryan Andrade,,
Bryan Caceres,,
Bryan Hoeing,,
Bryan Perez,,
Bryan Polanco,,
Bryan Rincon,,
Bryant Salgado,,
Bryce McGowan,,
Bryce Osmond,,
Bryce Willits,,
Bryce Windham,,
Bryson Horne,,
Bryson Worrell,,
Bubba Hall,,
Bubba Hollins,,
Caberea Weaver,,
Cade Fergus,,
Cade Gibson,,
Cade Halemanu,,
Cade Smith,,
Cade Winquest,,
Caden Monke,,
Caden Vire,,
Caeden Trenkle,,
Caleb Bolden,,
Caleb Boushley,,
Caleb Durbin,,
Caleb Farmer,,
Caleb Franzen,,
Caleb Freeman,,
Caleb Ricketts,,
Caleb Wurster,,
Cam Coursey,,
Cam Devanney,,
Cam Duzenack,,
Cam Robinson,,
Cam Sanders,,
Cam Schlittler,,
Cam Williams,,
Cam Wynne,,
Cameron Butler,,
Cameron Decker,,
Cameron Eden,,
Cameron Foster,,
Cameron Junker,,
Cameron Masterman,,
Cameron Wagoner,,
Cameron Weston,,
Carlos De Los Santos,,
Carlos Dominguez,,
Carlos Guzman,,
Carlos Irigoyen,,
Carlos Jimenez,,
Carlos Lomeli,,
Carlos Luna,,
Carlos Pacheco,,
Carlos Rodriguez,,
Carlos Torres,,
Carlos Verdecia,,
Carmine Lane,,
Carson Coleman,,
Carson Skipper,,
Carter Aldrete,,
Carter Bins,,
Carter Holton,,
Carter Howell,,
Carter Raffield,,
Carter Williams,,
Casey Dana,,
Casey LegumIna,,
Casey Opitz,,
Caswell Smith,,
Cayne Ueckert,,
Cedric De Grandpre,,
Cesar Ayala,,
Cesar Gomez,,
Cesar Gonzalez,,
Cesar Izturis Jr,,
Cesar Vargas,,
Chad Castillo,,
Chad Stevens,,
Chance Huff,,
Chandler Arnold,,
Chandler Champlain,,
Chandler Jozwiak,,
Channy Ortiz,,
Charles Hall,,
Charlie Connolly,,
Charlie Welch,,
Chase Burns,,
Chase Estep,,
Chase Krogman,,
Chase Luttrell,,
Chase Shugart,,
Chase Valentine,,
Chase Walter,,
Chase Watkins,,
Chase Webster,,
Chazz Martinez,,
Chazz Martinez,,
Chen Zhong-Ao Zhuang,,
Chester Pimentel,,
Chris Alleyne,,
Chris Campos,,
Chris Gerard,,
Chris Lanzilli,,
Chris McElvain,,
Chris Meyers,,
Chris Muller,,
Chris Newell,,
Chris Rotondo,,
Chris Santiago,,
Chris Villaman,,
Chris Williams,,
Chris Wright,,
Christian Cerda,,
Christian Ciuffetelli,,
Christian Edwards,,
Christian Fernandez,,
Christian Jackson,,
Christian Montes de Oca,,
Christian Olivo,,
Christian Robinson,,
Christopher Troye,,
CJ Alexander,,
CJ Culpepper,,
CJ Mayhue,,
CJ Widger,,
Coco Montes,,
Cody Bradford,,
Cody Laweryson,,
Cody Milligan,,
Colby Smelley,,
Cole Ayers,,
Cole Barr,,
Cole Cummings,,
Cole Gordon,,
Cole Kirschsieper,,
Cole Moore,,
Cole Patten,,
Cole Stupp,,
Colin Burgess,,
Collin Burns,,
Collin Lowe,,
Collin Price,,
Colton Bender,,
Colton Gordon,,
Colton Johnson,,
Connor Brandon,,
Connor Butler,,
Connor Charping,,
Connor Cooke,,
Connor Higgins,,
Connor Holden,,
Connor Kokx,,
Connor Lunn,,
Connor McCullough,,
Connor Noland,,
Connor Pavolony,,
Connor Staine,,
Connor Van Scoyoc,,
Conor Angel,,
Conor Dryer,,
Conor Grady,,
Conor Larkin,,
Cooper Benson,,
Cooper Criswell,,
Cooper Johnson,,
Cooper McKeehan,,
Corey Julks,,
Cortland Lawson,,
Cory Acton,,
Cory Lewis,,
Cory Thompson,,
Creed Willems,,
Cristhian Rodriguez,,
Cristian Benavides,,
Cristopher Sanchez,,
Cuba Bess,,
Cullen Kafka,,
Curtis Washington,,
Cy Nielson,,
D'Andre Smith,,
Daison Acosta,,
Daiveyon Whittle,,
Dakota Kotowski,,
Dale Stanavich,,
Dalton Shuffield,,
Dalvy Rosario,,
Damon Keith,,
Dangelo Sarmiento,,
Daniel Avitia,,
Daniel Bruzual,,
Daniel Corona,,
Daniel Guilarte,,
Daniel Harper,,
Daniel Juarez,,
Daniel Lloyd,,
Daniel Mateo,,
Daniel McElveny,,
Daniel Ozoria,,
Daniel Robert,,
Daniel Vasquez,,
Danis Correa,,
Danny Bautista,,
Danny Watson,,
Dante Biasi,,
Darel Belen,,
Dariel Gomez,,
Dario Laverde,,
Darius Hill,,
Darlin Sano,,
Darren Baker,,
Darren Bowen,,
Darrien Miller,,
David Fry,,
David Martin,,
David Morgan,,
David Parkinson,,
David Sandlin,,
Davis Diaz,,
Davis Hare,,
Davis Palermo,,
Davis Schneider,,
Davis Sharpe,,
Dawry Martinez,,
Dayan Frias,,
Dayeison Arias,,
Dayton Dooney,,
Declan Cronin,,
Dedniel Nunez,,
Deivid Alcantara,,
Demetrio Crisantes,,
Denis Reguillo,,
Denison Sanchez,,
Dennis Boatman,,
Denny Bentley,,
Denny Brady,,
Denny Larrondo,,
Dennys Riera,,
Derek Diamond,,
Derek Molina,,
Deundre Jones,,
Devereaux Harrison,,
Devin Foyle,,
Devin Ortiz,,
Deyni Olivero,,
Dillon Tatum,,
Diomede Sierra,,
Dionys Rodriguez,,
DJ Carpenter,,
Dom Johnson,,
Domingo Mejia,,
Dominic Hambley,,
Dominic Keegan,,
Dominic Perachi,,
Donovan Antonia,,
Donovan Benoit,,
Donovan McIntyre,,
Douglas Hodo,,
Drake Batcho,,
Drake Logan,,
Drake Nightengale,,
Drake Osborn,,
Drake Varnado,,
Drew Garrett,,
Drew Irvine,,
Drew McDaniel,,
Drew Millas,,
Drew Sommers,,
Drew Swift,,
Duke Ellis,,
Duncan Davitt,,
Dylan Bice,,
Dylan Heid,,
Dylan Nedved,,
Dylan Neuse,,
Dylan Phillips,,
Dylan Rock,,
Dylan Ross,,
Dylan Spacke,,
Dylan Tebrake,,
Easton Sikorski,,
Eddy Isturiz,,
Edgar Barclay,,
Edgar Escobar,,
Edinson Batista,,
Edison Suriel,,
Eduar Segovia,,
Eduardo Oviedo,,
Eduardo Rivera,,
Eduardo Salazar,,
Eduardo Zapata,,
Edwin Amparo,,
EJ Andrews Jr,,
EJ Exposito,,
Eli Ankeney,,
Eli Saul,,
Elian Rayo,,
Elie Kligman,,
Eliezer Alfonzo,,
Elijah Birdsong,,
Elijah Cabell,,
Elijah Trest,,
Elvis Peguero,,
Emilio Marquez,,
Emmanuel Reyes,,
Enderso Lira,,
Enmanuel Terrero,,
Enrique Segura,,
Enrique Valdez,,
Erian Rodriguez,,
Eric Adler,,
Eric Garcia,,
Eric Hammond,,
Eric Hildebrand,,
Eric Reyzelman,,
Eric Santana,,
Eric Yang,,
Erick Arosemena,,
Erick Brito,,
Erick Hernandez,,
Erick Torres,,
Erik Ostberg,,
Erik Tolman,,
Ernie Yake,,
Ervin Torres,,
Esmith Pineda,,
Esneider Gomez,,
Estuar Suero,,
Ethan Hammerberg,,
Eury Ramos,,
Evan Elliott,,
Evan Kravetz,,
Evan Lee,,
Evan McKendry,,
Evan Russell,,
Evan Shawver,,
Evan Sisk,,
Evan Taylor,,
Ever Moya,,
Everett Cooper,,
Everett Cooper,,
Ezequiel Pagan,,
Ezra Farmer,,
Fabricio Macias,,
Fabricio Valera,,
Felix Stevens,,
Felix Taveras,,
Fernando Caldera,,
Fernando Villalobos,,
Francis Peguero,,
Francisco Perez,,
Francisco Urbaez,,
Franco Aleman,,
Frank Lopez,,
Frankie Scalzo Jr,,
Franklin Parra,,
Franyer Noria,,
Fraser Ellard,,
Fraymi De Leon,,
Freddy Fermin,,
Freddy La Flor,,
Freili Encarnacion,,
Freilyn Silverio,,
Gabe Bierman,,
Gabe Emmett,,
Gabe Holt,,
Gabe Morales,,
Gabe Snyder,,
Gabriel Arias,,
Gabriel Liendo,,
Gabriel Sosa,,
Gage Stanifer,,
Gage Ziehl,,
Garrett Acton,,
Garrett Brown,,
Garrett Burhenn,,
Garrett Hawkins,,
Garrett McGowan,,
Garrett Ramsey,,
Garrett Spain,,
Garrett Stallings,,
Gary Gill Hill,,
Gavin Hollowell,,
Gavin Logan,,
Gavin Tonkel,,
Geoffrey Gilbert,,
Geraldi Diaz,,
Gerson Moreno,,
Gery Holguin,,
Ghordy Santos,,
Gilberto Alcala,,
Giullianno Allende,,
Glenn Albanese Jr,,
Glenn Santiago,,
Godwin Bennett,,
Graham Firoved,,
Graham Pauley,,
Grant Gavin,,
Grant Hartwig,,
Grant Holman,,
Grant Kipp,,
Grant Richardson,,
Greg Veliz,,
Gregory Barrios,,
Griffin Cheney,,
Griffin Doersching,,
Guillermo Quintana,,
Guillermo Zuniga,,
Gunner Mayer,,
Gus Sosa,,
Gus Steiger,,
Guy Lipscomb,,
Haden Erbe,,
Harold Cortijo,,
Harrison Beethe,,
Harrison Ray,,
Harrison Spohn,,
Harvin Mendoza,,
Hayden Birdsong,,
Hayden Deal,,
Hayden Dunhurst,,
Hayden Harris,,
Hayden Merda,,
Hayden Mullins,,
Hayden Nierman,,
Hayden Senger,,
Hayden Shenefield,,
Hayden Wynja,,
Haydn McGeary,,
Hayes Heinecke,,
Haylen Green,,
Hector G Nieves,,
Heison Sanchez,,
Henry Baez,,
Henry Martinez,,
Henry Nunez,,
Henry Ramos,,
Herard Gonzalez,,
Hever Bueno,,
Hobie Harris,,
Hogan Windish,,
Holt Jones Jr,,
Hueston Morrill,,
Hugh Fisher,,
Hung-Leng Chang,,
Hunter Breault,,
Hunter Dobbins,,
Hunter Dula,,
Hunter Gregory,,
Hunter Hayes,,
Hunter Hollan,,
Hunter Markwardt,,
Hunter Parks,,
Hunter Patteson,,
Hunter Perdue,,
Hunter Riggins,,
Hunter Schryver,,
Hunter Stanley,,
Hunter Stratton,,
Ian Churchill,,
Ian Koenig,,
Ian Leatherman,,
Ian Mejia,,
Ian Villers,,
Ignacio Feliz,,
Ike Buxton,,
Inmer Lobo,,
Irvin Murr III,,
Isaac Coffey,,
Isaiah Lowe,,
Israel Puello,,
Ivan Armstrong,,
Ivan Murzi,,
Jacen Roberson,,
Jack Aldrich,,
Jack Alexander,,
Jack Anderson,,
Jack Carey,,
Jack Choate,,
Jack Cushing,,
Jack Dallas,,
Jack Gowen,,
Jack Jasiak,,
Jack Lynch,,
Jack Masloff,,
Jack Noble,,
Jack Patterson,,
Jack Perkins,,
Jack Pineda,,
Jack Ralston,,
Jack Rogers,,
Jack Sinclair,,
Jack Weisenburger,,
Jack Winkler,,
Jack-Thomas Wold,,
Jackson Coutts,,
Jackson Fristoe,,
Jackson Humphries,,
Jackson Kelley,,
Jackson Leath,,
Jackson Linn,,
Jackson Loftin,,
Jackson Lyon,,
Jackson Smeltz,,
Jacob Burke,,
Jacob Campbell,,
Jacob Edwards,,
Jacob Hurtubise,,
Jacob Lopez,,
Jacob Maton,,
Jacob Meador,,
Jacob Palisch,,
Jacob Teter,,
Jacob Webb,,
Jacob Wetzel,,
Jacob Young,,
Jaden Fein,,
Jaden Rudd,,
Jadher Areinamo,,
Jadiel Sanchez,,
Jair Camargo,,
Jake Bird,,
Jake Christianson,,
Jake Garland,,
Jake McMahill,,
Jake Miller,,
Jake Miller,,
Jake Pfennigs,,
Jake Rice,,
Jake Rucker,,
Jake Schrand,,
Jake Slaughter,,
Jake Smith,,
Jake Suddleson,,
Jake Thompson,,
Jake Walsh,,
Jakob Marsee,,
Jalen Battles,,
Jamaliel Rosado,,
James Gonzalez,,
James McArthur,,
James Parker,,
Jan Mercado,,
Jancarlos Cintron,,
Jancel Santana,,
Jankel Ortiz,,
Jansel Luis,,
Jared Beck,,
Jared Carr,,
Jared Dupere,,
Jared Johnson,,
Jared Karros,,
Jared Kollar,,
Jared Lyons,,
Jared Poland,,
Jared Southard,,
Jaren Zinn,,
Jaret Godman,,
Jarrod Cande,,
Jarryd Dale,,
Jase Bowen,,
Jason Bilous,,
Jason Blanchard,,
Jason Franks,,
Jason Ruffcorn,,
Javi Rivera,,
Javier Ramos,,
Javier Rivas,,
Javier Sanoja,,
Javier Santos,,
Javier Vaz,,
Jawilme Ramirez,,
Jaycob Deese,,
Jaydenn Estanista,,
Jayson Gonzalez,,
JC Keys,,
JD McLaughlin,,
Jean Cabrera,,
Jean Carlos Hernandez,,
Jean Munoz,,
Jean Ramirez,,
Jedixson Paez,,
Jeferson Tineo,,
Jeff Belge,,
Jeff Lindgren,,
Jeison Guzman,,
Jeremy Rivas,,
Jeremy Vasquez,,
Jerry Huntzinger,,
Jerson Ramirez,,
Jesse Bergin,,
Jesus Chirinos,,
Jesus Cruz,,
Jheremy Vargas,,
Jhoan Paulino,,
Jhonathan Diaz,,
Jhonny Severino,,
Jhosmer Alvarez,,
Jimmy Burnette,,
Jimmy Endersby,,
Jimmy Joyce,,
Jimmy Kingsbury,,
Jimmy Loper,,
Jimmy Robbins,,
Jio Orozco,,
JJ Niekro,,
Joander Suarez,,
Joaquin Tejada,,
Joe Adametz,,
Joe Davis,,
Joe Joe Rodriguez,,
Joe LaSorsa,,
Joe Mancini,,
Joe Miller,,
Joe Nahas,,
Joe Stewart,,
Joel Machado,,
Joel Peguero,,
Joey Spence,,
Johan Dominguez,,
Johan Lopez,,
Johanfran Garcia,,
John Garcia,,
John Ghyzel,,
John Klein,,
John Michael Bertrand,John Bertrand,
John Stankiewicz,,
Johnathan Harmon,,
Johnathan Lavallee,,
Johnathon Thomas,,
Johnfrank Salazar,,
Johnny Ascanio,,
Johnny McHenry,,
Johnny Ray,,
Johnny Rizer,,
JoJo Blackmon,,
Jonah Davis,,
Jonah Scolaro,,
Jonah Tong,,
Jonatan Bernal,,
Jonathan Bermudez,,
Jonathan Beymer,Jon Beymer,
Jonathan Brand,,
Jonathan Sprinkle,,
Joneiker Arellano,,
Jonny Butler,,
Jonny Cuevas,,
Jordan Brown,,
Jordan Dissin,,
Jordan Geber,,
Jordan Jackson,,
Jordan Leasure,,
Jordan Marks,,
Jordan Qsar,,
Jordan Woods,,
Jordany Ventura,,
Jordi Martinez,,
Jorel Ortega,,
Jorge Bautista,,
Jorge Burgos,,
Jorge Gonzalez,,
Jorge Hurtado,,
Jorge Rodriguez,,
Jose Acuna,,
Jose Alexander Ferrer,Jose Ferrer,
Jose Aquino,,
Jose Atencio,,
Jose Caballero,,
Jose Cedeno,,
Jose Colmenares,,
Jose Cordero,,
Jose Corniell,,
Jose Curpa,,
Jose Davila,,
Jose DeJesus,,
Jose Ernesto Hernandez,,
Jose Fernandez,,
Jose Franco,,
Jose Gomez,,
Jose Izarra,,
Jose Lopez,,
Jose Luis Reyes,,
Jose Montero,,
Jose Mora,,
Jose Morban,,
Jose Pena Jr,,
Jose Peroza,,
Jose Salvador,,
Jose Sanchez,,
Jose Serrano,,
Jose Valadez-Acuna,,
Josefrailin Alcantara,,
Joseph Hernandez,,
Joseph King,,
Joseph Menefee,,
Joseph Montalvo,,
Josh Bortka,,
Josh Burgmann,,
Josh Crouch,,
Josh Dye,,
Josh Gessner,,
Josh Hatcher,,
Josh Hood,,
Josh Hood,,
Josh Stephan,,
Josh Swales,,
Josh Walker,,
Josh White,,
Joshua Day,,
Joshua Loeschorn,,
Joshua Zamora,Josh Zamora,
Joshwan Wright,,
Josiah Sightler,,
Josias De Los Santos,,
Josue Briceno,,
Josue Cruz,,
JP France,,
JP Massey,,
JP Wheat,,
Juan Alonso,,
Juan Aparicio,,
Juan Carela,,
Juan Corniel,,
Juan Cruz,,
Juan De Los Santos,,
Juan Garcia,,
Juan Gonzalez,,
Juan Jerez,,
Juan Mendez,,
Juan Mercedes,,
Juan Mora,,
Juan Morillo,,
Juan Olmos,,
Juan Perez,,
Julian Aguiar,,
Julian Bosnic,,
Julian Bosnic,,
Julio Esteban Rodriguez,,
Justice Bigbie,,
Justin Armbruester,,
Justin Bench,,
Justin Bullock,,
Justin Connell,,
Justin Fall,,
Justin Guerrera,,
Justin Janas,,
Justin Jarvis,,
Justin Lasko,,
Justin Meis,,
Justin Sanchez,,
Justin Sterner,,
Justin Williams,,
Kade McClure,,
Kaden Hollow,,
Kadon Morton,,
Kai Murphy,,
Kamren James,,
Kamron Fields,,
Kaylan Nicasia,,
Ke'Shun Collier,,
Keagan Gillies,,
Keegan Curtis,,
Kelsey Ward,,
Kelvin Caceres,,
Kelvin Valdez,,
Kendry Rojas,,
Kenni Gomez,,
Kenny Castillo,,
Kenny Hernandez,,
Kenny Piper,,
Keshawn Ogans,,
Kevin Abel,,
Kevin Dume,,
Kevin Graham,,
Kevin Kendall,,
Kevin Kilpatrick,Kevin Kilpatrick Jr,
Kevin Stevens,,
Keyshawn Askew,,
Kobe Kato,,
Kobe Robinson,,
Kody Funderburk,,
Kody Huff,,
Kohl Drake,,
Kohl Simas,,
Kolby Kubichek,,
Kole Ramage,,
Kris Anglin,,
Kris Bow,,
Kyle Crigger,,
Kyle Gruller,,
Kyle Johnston,,
Kyle Jones,,
Kyle Larsen,,
Kyle Luckham,,
Kyle McCann,,
Kyle Nevin,,
Kyle Tyler,,
Kyle Virbitsky,,
Kyler Fedko,,
Lael Lockhart,,
Landon Green,,
Landon Harper,,
Landon Stephens,,
Lane Ramsey,,
Larson Kindreich,,
Leny Carela,,
Leonel Sanchez,,
Leosdany Molina,,
Levi David,,
Levi Usher,,
Liam Hicks,,
Liam Jenkins,,
Liam McGill,,
Liam Simon,,
Linse Carvajal,,
Lisandro Santos,,
Livan Reinoso,,
Lizandro Espinoza,,
LJ Talley,,
Logan Adams,,
Logan Cerny,,
Logan Clayton,,
Logan Gillaspie,,
Logan Gragg,,
Logan Porter,,
Logan Rinehart,,
Logan Simmons,,
Logan VanWey,,
Logan Wagner,,
Logan Workman,,
Logun Clark,,
Luarbert Arias,,
Lucas Dunn,,
Lucas Jacobsen,,
Ludwin Jimenez,,
Luinder Avila,,
Luis Alberto Rodriguez,Luis Rodriguez,
Luis Cohen,,
Luis Curvelo,,
Luis Gabriel Castillo,,
Luis Gonzalez,,
Luis Guerrero,,
Luis Gutierrez,,
Luis Lopez,,
Luis Mey,,
Luis Meza,,
Luis Pino,,
Luis Quinones,,
Luis Ramirez,,
Luis Reyes,,
Luis Rijo,,
Luis Rujano,,
Luis Suisbel,,
Luis Vizcaino,,
Luis Yanel Diaz,,
Luke Anderson,,
Luke Bartnicki,,
Luke Berryhill,,
Luke Boyd,,
Luke Brown,,
Luke Franzoni,,
Luke Gold,,
Luke Holman,,
Luke Ritter,,
Luke Schilling,,
Luke Taggart,,
Luke Young,,
Lyonell James,,
Mack Anglin,,
Mack Chambers,,
Madison Jeffrey,,
Madison Santos,,
Magnus Ellerts,,
Maikol Munoz,,
Malik Barrington,,
Malik Binns,,
Manolfi Jimenez,,
Manuel Espinoza,,
Manuel German,,
Manuel Medina,,
Marc Davis,,
Marcelo Perez,,
Marcelo Perez,,
Marcos Castanon,,
Marcus Lee Sang,,
Marcus Olivarez,,
Mariano Ricciardi,,
Mario Camilletti,,
Mark Adamiak,,
Mark Kolozsvary,,
Mark McLaughlin,,
Marques Johnson,,
Marquis Grissom,,
Martin Gonzalez,,
Marty Bechina,,
Marvin Alcantara,,
Mason Adams,,
Mason Erla,,
Mason Feole,,
Mason Fluharty,,
Mason Fox,,
Mason Green,,
Mason Holt,,
Mason McGwire,,
Mason Pelio,,
Mason Ronan,,
Mat Olsen,,
Mathew Peters,,
Matt Alifano,,
Matt Archer,,
Matt Boswell,,
Matt Brosky,,
Matt Coutney,,
Matt Donlan,,
Matt Givin,,
Matt Higgins,,
Matt Keating,,
Matt Litwicki,,
Matt Merrill,,
Matt Osterberg,,
Matt Pushard,,
Matt Rudick,,
Matt Suggs,,
Matt Svanson,,
Matt Waldron,,
Matt Wood,,
Matt Wyatt,,
Matthew Acosta,,
Matthew Barefoot,,
Matthew Hickey,,
Mauricio Maican,,
Maverick Handley,,
Mavis Graves,,
Max Alba,,
Max Bain,,
Max Gieg,,
Max Green,,
Max Schuemann,,
Maximo Martinez,,
Maxwell Costes,,
Maxwell Romero,Maxwell Romero Jr,
McKinley Moore,,
MD Johnson,,
Micah Bucknam,,
Micah Dallas,,
Micah Pries,,
Michael Alfonso,,
Michael Cuevas,,
Michael Curialle,,
Michael Darrell-Hicks,,
Michael Dominguez,,
Michael Hobbs,,
Michael Kirian,,
Michael Prosecky,,
Michael Sandle,,
Michael Sansone,,
Michael Sirota,,
Michael Stryffeler,,
Michael Trautwein,,
Michael Turconi,,
Michael Turner,,
Miguel Del Pozo,,
Miguel Fernandez,,
Miguel Fulgencio,,
Miguel Gomez,,
Miguel Medrano,,
Miguel Palma,,
Miguel Pena,,
Miguel Rondon,,
Mike Antico,,
Mike Paredes,,
Mike Rothenberg,,
Mike Walsh,,
Mikey Perez,,
Miller Hogan,,
Milo Rushford,,
Misael Gonzalez,,
Misael Mojica,,
Mitch Myers,,
Mitch Ragan,,
Mitch Spence,,
Mo Hanley,,
Moises Lugo,,
Moises Ramirez,,
Morgan McSweeney,,
Murphy Stehly,,
Naswell Paulino,,
Natanael Eusebio,,
Natanael Garabitos,,
Natanael Santana,,
Natanael Yuten,,
Nate Dahle,,
Nate Karaffa,,
Nate Mondou,,
Nate Peterson,,
Nathan Baez,,
Nathan Burns,,
Nathan Church,,
Nathan Landry,,
Nathan Lavender,,
Nathan Lukes,,
Nathan Webb,,
Nathan Wiles,,
Nathanael Heredia,,
Nathaniel Ochoa Leyva,,
Naysbel Marcano,,
Neify Rosario,,
Nelson Quiroz,,
Nerio Rodriguez,,
Nestor Heredia,,
Nic Gaddis,,
Nic Kent,,
Nic Ready,,
Nic Swanson,,
Nicholas Regalado,,
Nicio Rodriguez,,
Nick Allgeyer,,
Nick Altermatt,,
Nick Bautista,,
Nick Biddison,,
Nick Bush,,
Nick Cimillo,,
Nick Clarno,,
Nick Fraze,,
Nick Hull,,
Nick Jones,,
Nick Merkel,,
Nick Meyer,,
Nick Mondak,,
Nick Peoples,,
Nick Pogue,,
Nick Sinacola,,
Nick Sogard,,
Nick Vogt,,
Nick Zona,,
Nick Zwack,,
Nicolas Perez,,
Nicolo Pinazzi,,
Nicoly Pina,,
Nixon Encarnacion,,
Noah Cameron,,
Noah Campbell,,
Noah Cardenas,,
Noah Dean,,
Noah Owen,,
Noah Skirrow,,
Noah Williams,,
Noah Williamson,,
Noah Zavolas,,
Noel Vela,,
Nolan Beltran,,
Nolan DeVos,,
Nolan Hoffman,,
Nolan Kingham,,
Nolan Perry,,
Nomar Diaz,,
Norel Gonzalez,,
Octavio Becerra,,
Odalvi Javier,,
Odalys Peguero,,
Oliver Cedeno,,
Oliver Mateo,,
Omar De Los Santos,,
Omar Meregildo,,
Omar Moya,,
Omari Daniel,,
Onix Vega,,
Oscar Aude,,
Osvaldo Hernandez,,
Osvaldo Tovalin,,
Oswaldo Linares,,
Otto Kemp,,
Owen Holt,,
Owen Sharts,,
Pablo Aldonis,,
Pablo Aliendo,,
Parker Bates,,
Parker Chavers,,
Parker Kelly,,
Pat Gallagher,,
Pat Monteverde,,
Pat Pridgen,,
Pat Ruotolo,,
Patrick Frick,,
Patrick Halligan,,
Patrick Winkel,,
Paul Gervase,,
Paul Witt,,
Paxton Schultz,,
Payton Green,,
Payton Martin,,
Pedro Castellanos,,
Peniel Brito,,
Peter Matt,,
Peter Van Loon,,
Peyton Williams,,
Philip Clarke,,
Phillip Sikes,,
Pierson Ohl,,
Pitterson Rosa,,
PJ Poulin,,
PK Morris,,
Pres Cavenaugh,,
Preston Johnson,,
Quade Tomlin,,
Quin Cotton,,
Quincy Nieporte,,
Quinn Gudaitis,,
Quinton Low,,
Quinton Martinez,,
Rafael Cruz,,
Rafael Lantigua,,
Rafael Marcano,,
Rafael Ohashi,,
Rafael Ramirez,,
Rafael Ramirez,,
Raimon Gomez,,
Randel Clemente,,
Randel Mondesi,,
Randy Romero,,
Raul Beracierta,,
Reece Walling,,
Reese Sharp,,
Reid Johnston,,
Reid VanScoter,,
Reidis Sena,,
Renny Hidalgo,,
Reny Artiles,,
Reynaldo Yean,,
Reynardo Cruz,,
Rhett Kouba,,
Rhylan Thomas,,
Ricardo Cova,,
Ricardo Mendez,,
Ricardo Olivar,,
Ricardo Yan,,
Richard Brito,,
Richard Paz,,
Richard Roman,,
Ricky DeVito,,
Ricky Mineo,,
Riggs Threadgill,,
Rigoberto Borbolla,,
Riley Cornelio,,
Riley Davis,,
Riley Martin,,
Riley Tirotta,,
Riquelmin Cabral,,
Rivaldo Avila,,
River Town,,
RJ Petit,,
Rob Hensey,,
Robbie Glendinning,,
Robbie Peto,,
Robby Martin Jr,,
Robert Ahlstrom,,
Robert Lopez,,
Robert Robertis,,
Rodney Theophile,,
Roel Garcia,Roel Garcia III,
Roelmy Garcia,,
Roger Leyton,,
Roinny Aguiar,,
Roman Phansalkar,,
Romel Mendez,,
Romeo Sanabria,,
Ronaiker Palma,,
Ronald Hernandez,,
Rosman Verdugo,,
Ross Carver,,
Rowdey Jordan,,
Roylems Rangel,,
Ruben Salinas,,
Ruben Zayed Salinas,,
Rudy Martin,,
Ryan Bergert,,
Ryan Brady,,
Ryan Cardona,,
Ryan Cepero,,
Ryan Chasse,,
Ryan Costeiu,,
Ryan Fernandez,,
Ryan Fitzgerald,,
Ryan Harvey,,
Ryan Leitch,,
Ryan Long,,
Ryan Loutos,,
Ryan McCarty,,
Ryan Miller,,
Ryan Och,,
Ryan Ramsey,,
Ryan Smith,,
Ryan Sublette,,
Ryan Ure,,
Ryan Wrobleski,,
Ryder Ryan,,
Rylan Kaufman,,
Ryne Moore,,
Sam Bower,,
Sam Praytor,,
Sammy Hernandez,,
Sammy Natera,,
Sammy Peralta,,
Samuel Capellan,,
Samuel Gil,,
Samuel Mendez,,
Samuel Strickland,,
Satchell Norman,,
Sawyer Gipson-Long,,
Scott Engler,,
Scott Manea,,
Scott McKeon,,
Scott Ota,,
Scott Randall,,
Scott Schreiber,,
Sean Hard,,
Sean Harney,,
Sean Hermann,,
Sean Hunley,,
Sean McLain,,
Sean Mooney,,
Sean Mullen,,
Sean Reynolds,,
Sean Sullivan,,
Sebastian Keane,,
Seth Clark,,
Seth Halvorsen,,
Seth Keller,,
Seth Lonsway,,
Seth Shuman,,
Seth Stephenson,,
Shane Connolly,,
Shane Gray,,
Shane Marshall,,
Shane McGuire,,
Shane Muntz,,
Shane Murphy,,
Shawn Goosenberg,,
Shawn Guilliams,,
Shawn Rapp,,
Shawn Semple,,
Shayne Fontana,,
Sheng-Ping Chen,,
Shohei Tomioka,,
Simon Reid,,
Simon Whiteman,,
Skyler Messinger,,
Solomon Maguire,,
Spence Coffman,,
Spencer Bramwell,,
Spencer Brickhouse,,
Spencer Giesting,,
Spencer Miles,,
Spencer Packard,,
Spencer Stockton,,
Stefan Raeth,,
Stephen Jones,,
Steven Cruz,,
Steven Sanchez,,
Steven Williams,,
Stevie Branche,,
Steward Berroa,,
Stiven Acevedo,,
Taishi Nakawake,,
Tanner Cooper,,
Tanner Gordon,,
Tanner Jacobson,,
Tanner O'Tremba,,
Tanner Tredaway,,
Tate Kolwyck,,
Tatem Levins,,
Tayden Hall,,
Tayler Aguilar,,
Taylor Broadway,,
Taylor Varnell,,
Taylor Young,,
Teo Banks,,
Terrell Tatum,,
Thayron Liranzo,,
Theo Denlinger,,
Thomas Balboni,,
Thomas Francisco,,
Thomas Gavello,,
Thomas Ireland,,
Thomas Parsons,,
Tim Borden,,
Tim Elko,,
Tim Tawa,,
TJ Brock,,
TJ Czyz,,
TJ Rumfield,,
TJ Schofield-Sam,,
TJ Shook,,
Todd Lott,,
Tommy Sacco,Tommy Sacco Jr,
Tommy Sommer,,
Tommy Specht,,
Tommy Stevenson,,
Tommy Ventimiglia,,
Tommy Wilson,,
Torin Montgomery,,
Trace Bright,,
Travis Adams,,
Travis Kuhn,,
Trendon Craig,,
Trent Baker,,
Trenton Denholm,,
Trenton Wallace,,
Tres Gonzalez,,
Trevin Michael,,
Trevor Holloway,,
Trevor Kirk,,
Trevor Lane,,
Trey Benton,,
Trey Braithwaite,,
Trey Faltine,,
Trey McGough,,
Trey McLoughlin,,
Trey Nordmann,,
Tristan Stevens,,
Tristan Stivors,,
Troy Claunch,,
Troy Johnston,,
Troy Schreffler,,
Troy Taylor,,
Troy Taylor,,
Tucker Flint,,
Tucker Mitchell,,
Ty Collins,,
Ty Evans,,
Ty Penner,,
Tyler Ahearn,,
Tyler Baca,,
Tyler Beck,,
Tyler Burch,,
Tyler Cleveland,,
Tyler Dearden,,
Tyler Driver,,
Tyler Forner,,
Tyler Hoffman,,
Tyler Holton,,
Tyler Johnson,,
Tyler Miller,,
Tyler Myrick,,
Tyler Neslony,,
Tyler Osik,,
Tyler Owens,,
Tyler Ras,,
Tyler Robertson,,
Tyler Samaniego,,
Tyler Schlaffer,,
Tyler Schweitzer,,
Tyler Stone,,
Tyler Stuart,,
Tyler Thornton,,
Tyler Tolbert,,
Tyler Tolve,,
Tyler Uberstine,,
Tyler Viza,,
Tyler Vogel,,
Tyler Wehrle,,
Tyler Woessner,,
Tyresse Turner,,
Tyrone Yulie,,
Tyson Guerrero,,
Ulrich Bojarski,,
Valente Bellozo,,
Vance Honeycutt,,
Victor Izturis,,
Victor Mederos,,
Victor Munoz,,
Victor Pena,,
Victor Santos,,
Victor Scott,,
Victor Torres,,
Vin Timpanelli,,
Vince Reilly,,
Vinny Capra,,
Wade Meckler,,
Wagner Lagrange,,
Walbert Urena,,
Walking Cabrera,,
Wandisson Charles,,
Warren Saunders,,
Wes Clarke,,
Weston Wilson,,
Wilber Sanchez,,
Wilkel Hernandez,,
Will Bartlett,,
Will Brian,,
Will Frisch,,
Will Geerdes,,
Will Kincanon,,
Will Rogers,,
Will Rudy,,
Will Simoneit,,
Will Taylor,,
William Fleming,,
William Silva,,
Willian Colmenares,,
Willie Carter,,
Willie Joe Garry,,
Willy Taveras,,
Wilmer De La Cruz,,
Wilmer Reyes,,
Wilmin Candelario,,
Wilson Cunningham,,
Winder Diaz,,
Wladimir Pinto,,
Wyatt Cheney,,
Wyatt Hendrie,,
Wyatt Olds,,
Wyatt Wendell,,
Wyatt Young,,
Xavier Casserilla,,
Xavier Moore,,
Yaifer Perdomo,,
Yan Contreras,,
Yariel Gonzalez,,
Yassel Pino,,
Yeison Lemos,,
Yeison Perez,,
Yelinson Pena,,
Yeniel Laboy,,
Yerald Nin,,
Yeremin Lara,,
Yeury Tatiz,,
Yilber Diaz,,
Yilber Herrera,,
Yoander Rivero,,
Yoansy Moreno,,
Yoelvis Sanchez,,
Yoffry Solano,,
Yohander Linares,,
Yojiery Osoria,,
Yonardy Soto,,
Yorfran John,,
Yosander Asencio,,
Yosy Galan,,
Zac Cook,,
Zach Agnos,,
Zach Cable,,
Zach Cole,,
Zach Dezenzo,,
Zach Ehrhard,,
Zach Greene,,
Zach Jacobs,,
Zach King,,
Zach Kokoska,,
Zach Linginfelter,,
Zach Maxwell,,
Zach Messinger,,
Zach Morgan,,
Zach Peek,,
Zach Pettway,,
Zach Zubia,,
Zachary Leigh,,
Zachary Veen,,
Zack Muckenhirn,,
Zack Raabe,,
Zak Kent,,
Zebby Matthews,,
Zebulon Vermillion,,
Zion Pettigrew,,
