Unique ID,Player Name,Fangraphs Name,Fangraphs Link,DOB,Owner
inoa1242001,Albert Inoa,Albert Inoa ,https://www.fangraphs.com/players/albert-inoa/sa3008948/stats?position=2B,12/4/2001,BAL
scru1131995,Andre Scrubb,Andre Scrubb ,https://www.fangraphs.com/players/andre-scrubb/20329/stats?position=P,1/13/1995,BAL
beni761994,Andrew Benintendi,Andrew Benintendi ,https://www.fangraphs.com/players/andrew-benintendi/17901/stats?position=OF,7/6/1994,BAL
stev611994,Andrew Stevenson,Andrew Stevenson ,https://www.fangraphs.com/players/andrew-stevenson/17932/stats?position=OF,6/1/1994,BAL
sant10191994,Anthony Santander,Anthony Santander ,https://www.fangraphs.com/players/anthony-santander/14551/stats?position=OF,10/19/1994,BAL
sant1061996,Antonio Santos,Antonio Santos ,https://www.fangraphs.com/players/antonio-santos/20383/stats?position=P,10/6/1996,BAL
mart3231999,Austin Martin,Austin Martin ,https://www.fangraphs.com/players/christopher-martin/sa3014454/stats?position=SS/OF,3/23/1999,BAL
game5171992,Ben Gamel,Ben Gamel ,https://www.fangraphs.com/players/ben-gamel/12160/stats?position=OF,5/17/1992,BAL
lail891993,Brady Lail,Brady Lail ,https://www.fangraphs.com/players/brady-lail/14707/stats?position=P,8/9/1993,BAL
burk841996,Brock Burke,Brock Burke ,https://www.fangraphs.com/players/brock-burke/17968/stats?position=P,8/4/1996,BAL
carr5271999,Burl Carraway,Burl Carraway ,https://www.fangraphs.com/players/ausley-carraway/sa3014495/stats?position=P,5/27/1999,BAL
cava8141998,Cade Cavalli,Cade Cavalli ,https://www.fangraphs.com/players/steven-cavalli/sa3014421/stats?position=P,8/14/1998,BAL
bigg4111995,Cavan Biggio,Cavan Biggio ,https://www.fangraphs.com/players/cavan-biggio/19252/stats?position=2B,4/11/1995,BAL
heue731996,Codi Heuer,Codi Heuer ,https://www.fangraphs.com/players/codi-heuer/23293/stats?position=P,7/3/1996,BAL
barb1242000,Colin Barber,Colin Barber ,https://www.fangraphs.com/players/colin-barber/sa3010696/stats?position=OF,12/4/2000,BAL
hock3151996,Colton Hock,Colton Hock ,https://www.fangraphs.com/players/colton-hock/sa915685/stats?position=P,3/15/1996,BAL
terr1061996,Curtis Terry,Curtis Terry ,https://www.fangraphs.com/players/curtis-terry/18881/stats?position=DH,10/6/1996,BAL
bal4102004,Danny De Andrande BAL,Danny De Andrade ,https://www.fangraphs.com/players/danny-de-andrade/sa3015698/stats?position=3B/SS,4/10/2004,BAL
mcca3181996,Darren McCaughan,Darren McCaughan ,https://www.fangraphs.com/players/darren-mccaughan/20038/stats?position=P,3/18/1996,BAL
bedn10101994,David Bednar,David Bednar ,https://www.fangraphs.com/players/david-bednar/19569/stats?position=P,10/10/1994,BAL
bal1012003,Diego Velasquez BAL,Diego Velasquez ,https://www.fangraphs.com/players/diego-velasquez/sa3016144/stats?position=SS,10/1/2003,BAL
ande3221994,Drew Anderson,Drew Anderson ,https://www.fangraphs.com/players/drew-anderson/15130/stats?position=P,3/22/1994,BAL
mend10101997,Drew Mendoza,Drew Mendoza ,https://www.fangraphs.com/players/andrew-mendoza/sa3011256/stats?position=1B,10/10/1997,BAL
prad11292001,Elio Prado,Elio Prado ,https://www.fangraphs.com/players/elio-prado/sa3008807/stats?position=OF,11/29/2001,BAL
rodr2282003,Emmanuel Rodriguez,Emmanuel Rodriguez ,https://www.fangraphs.com/players/emmanuel-rodriguez/sa3014693/stats?position=OF,2/28/2003,BAL
vini1312003,Esmerlin Vinicio,Esmerlin Vinicio ,https://www.fangraphs.com/players/esmerlin-vinicio/sa3014708/stats?position=P,1/31/2003,BAL
mart11241995,Francis Martes,Francis Martes ,https://www.fangraphs.com/players/francis-martes/17303/stats?position=P,11/24/1995,BAL
clea4231994,Garrett Cleavinger,Garrett Cleavinger ,https://www.fangraphs.com/players/garrett-cleavinger/17897/stats?position=P,4/23/1994,BAL
mitc941998,Garrett Mitchell,Garrett Mitchell ,https://www.fangraphs.com/players/garrett-mitchell/sa3014438/stats?position=OF,9/4/1998,BAL
stub5261993,Garrett Stubbs,Garrett Stubbs ,https://www.fangraphs.com/players/garrett-stubbs/18067/stats?position=C/OF,5/26/1993,BAL
fent1251996,Gray Fenter,Gray Fenter ,https://www.fangraphs.com/players/gray-fenter/sa875233/stats?position=P,1/25/1996,BAL
krol591991,Ian Krol,Ian Krol ,https://www.fangraphs.com/players/ian-krol/10066/stats?position=P,5/9/1991,BAL
rees7301994,Jackson Rees,Jackson Rees ,https://www.fangraphs.com/players/jackson-rees/sa3007818/stats?position=P,7/30/1994,BAL
jone5101992,Jacoby Jones,JaCoby Jones ,https://www.fangraphs.com/players/jacoby-jones/14818/stats?position=OF,5/10/1992,BAL
west6181995,Jamie Westbrook,Jamie Westbrook ,https://www.fangraphs.com/players/jamie-westbrook/sa737824/stats?position=2B/OF,6/18/1995,BAL
kell1032001,Jared Kelley,Jared Kelley ,https://www.fangraphs.com/players/jared-kelley/sa3014471/stats?position=P,10/3/2001,BAL
trio281998,Jared Triolo,Jared Triolo ,https://www.fangraphs.com/players/jared-triolo/sa3010272/stats?position=3B,2/8/1998,BAL
fran1211998,Jesse Franklin,Jesse Franklin V ,https://www.fangraphs.com/players/jesse-franklin/sa3014532/stats?position=OF,12/1/1998,BAL
paya471994,Joel Payamps,Joel Payamps ,https://www.fangraphs.com/players/joel-payamps/14332/stats?position=P,4/7/1994,BAL
bart12151996,Joey Bart,Joey Bart ,https://www.fangraphs.com/players/joey-bart/21524/stats?position=C,12/15/1996,BAL
lucc661993,Joey Lucchesi,Joey Lucchesi ,https://www.fangraphs.com/players/joey-lucchesi/19320/stats?position=P,6/6/1993,BAL
went1061997,Joey Wentz,Joey Wentz ,https://www.fangraphs.com/players/joseph-wentz/sa917946/stats?position=P,10/6/1997,BAL
curt451993,John Curtiss,John Curtiss ,https://www.fangraphs.com/players/john-curtiss/16128/stats?position=P,4/5/1993,BAL
mean4241993,John Means,John Means ,https://www.fangraphs.com/players/john-means/16269/stats?position=P,4/24/1993,BAL
barr451998,Jose Barrero,Jose Barrero ,https://www.fangraphs.com/players/jose-barrero/23378/stats?position=SS,4/5/1998,BAL
cisn4111989,Jose Cisnero,José Cisnero ,https://www.fangraphs.com/players/jose-cisnero/6399/stats?position=P,4/11/1989,BAL
harr781987,Josh Harrison,Josh Harrison ,https://www.fangraphs.com/players/josh-harrison/8202/stats?position=2B/3B,7/8/1987,BAL
step9221997,Josh Stephen,Josh Stephen ,https://www.fangraphs.com/players/joshua-stephen/sa918203/stats?position=OF,9/22/1997,BAL
,Kade Mechals,,,,BAL
smit6281988,Kevan Smith,Kevan Smith ,https://www.fangraphs.com/players/kevan-smith/12284/stats?position=C,6/28/1988,BAL
fran991999,Kohl Franklin,Kohl Franklin ,https://www.fangraphs.com/players/kohl-franklin/sa3008335/stats?position=P,9/9/1999,BAL
stew1071994,Kohl Stewart,Kohl Stewart ,https://www.fangraphs.com/players/kohl-stewart/15502/stats?position=P,10/7/1994,BAL
cott5301997,Kole Cottam,Kole Cottam ,https://www.fangraphs.com/players/kole-cottam/sa3006780/stats?position=C,5/30/1997,BAL
dohy9171996,Kyle Dohy,Kyle Dohy ,https://www.fangraphs.com/players/kyle-dohy/20334/stats?position=P,9/17/1996,BAL
free5141993,Kyle Freeland,Kyle Freeland ,https://www.fangraphs.com/players/kyle-freeland/16256/stats?position=P,5/14/1993,BAL
emil3222000,Leandro Emiliani,Leandro Emiliani ,https://www.fangraphs.com/players/leandro-emiliani/sa3006897/stats?position=1B,3/22/2000,BAL
jime5172001,Leonardo Jimenez,Leo Jimenez ,https://www.fangraphs.com/players/leonardo-jimenez/sa3006891/stats?position=2B/SS,5/17/2001,BAL
brin581994,Lewis Brinson,Lewis Brinson ,https://www.fangraphs.com/players/lewis-brinson/14352/stats?position=OF,5/8/1994,BAL
barr11151995,Luis Barrera,Luis Barrera ,https://www.fangraphs.com/players/luis-barrera/19615/stats?position=OF,11/15/1995,BAL
scer491995,Mac Sceroler,Mac Sceroler ,https://www.fangraphs.com/players/mac-sceroler/22218/stats?position=P,4/9/1995,BAL
bal10142003,Malvin Valdez BAL,Malvin Valdez ,https://www.fangraphs.com/players/malvin-valdez/sa3015719/stats?position=OF,10/14/2003,BAL
kaso3101995,Marshall Kasowski,Marshall Kasowski ,https://www.fangraphs.com/players/marshall-kasowski/sa3005114/stats?position=P,3/10/1995,BAL
bush281986,Matt Bush,Matt Bush ,https://www.fangraphs.com/players/matt-bush/1246/stats?position=P,2/8/1986,BAL
duff1151991,Matt Duffy,Matt Duffy ,https://www.fangraphs.com/players/matt-duffy/13836/stats?position=3B,1/15/1991,BAL
acos10292002,Maximo Acosta,Maximo Acosta ,https://www.fangraphs.com/players/maximo-acosta/sa3014711/stats?position=SS,10/29/2002,BAL
grov12181996,Michael Grove,Michael Grove ,https://www.fangraphs.com/players/michael-grove/sa3008625/stats?position=P,12/18/1996,BAL
(zap9111996,Micker Adolfo (Zapata),Micker Adolfo ,https://www.fangraphs.com/players/micker-adolfo/sa830303/stats?position=OF,9/11/1996,BAL
cabr4181983,Miguel Cabrera,Miguel Cabrera ,https://www.fangraphs.com/players/miguel-cabrera/1744/stats?position=1B/3B,4/18/1983,BAL
roja2241989,Miguel Rojas,Miguel Rojas ,https://www.fangraphs.com/players/miguel-rojas/7802/stats?position=SS,2/24/1989,BAL
yaju511998,Miguel Yajure,Miguel Yajure ,https://www.fangraphs.com/players/miguel-yajure/21111/stats?position=P,5/1/1998,BAL
lodo251998,Nick Lodolo,Nick Lodolo ,https://www.fangraphs.com/players/nicholas-lodolo/sa917947/stats?position=P,2/5/1998,BAL
rave4241992,Rangel Ravelo,Rangel Ravelo ,https://www.fangraphs.com/players/rangel-ravelo/10839/stats?position=1B/DH,4/24/1992,BAL
smit1151995,Riley Smith,Riley Smith ,https://www.fangraphs.com/players/riley-smith/19826/stats?position=P,1/15/1995,BAL
mart4281995,RVR1 Brett Martin,Brett Martin ,https://www.fangraphs.com/players/brett-martin/17369/stats?position=P,4/28/1995,BAL
janu5271997,Ryan January,Ryan January ,https://www.fangraphs.com/players/ryan-january/sa918104/stats?position=C,5/27/1997,BAL
jens11231997,Ryan Jensen,Ryan Jensen ,https://www.fangraphs.com/players/ryan-jensen/sa3011496/stats?position=P,11/23/1997,BAL
pepi8211997,Ryan Pepiot,Ryan Pepiot ,https://www.fangraphs.com/players/ryan-pepiot/sa3011244/stats?position=P,8/21/1997,BAL
mcmi1211998,Sam McMillan,Sam McMillan ,https://www.fangraphs.com/players/samual-mcmillan/sa3004277/stats?position=C,12/1/1998,BAL
anto1251993,Tejay Antone,Tejay Antone ,https://www.fangraphs.com/players/tejay-antone/16233/stats?position=P,12/5/1993,BAL
jone1291997,Thomas Jones,Thomas Jones ,https://www.fangraphs.com/players/thomas-jones/sa917968/stats?position=OF,12/9/1997,BAL
kemp10311991,Tony Kemp,Tony Kemp ,https://www.fangraphs.com/players/tony-kemp/14894/stats?position=2B/OF,10/31/1991,BAL
will4251992,Trevor Williams,Trevor Williams ,https://www.fangraphs.com/players/trevor-williams/16977/stats?position=P,4/25/1992,BAL
cabb531997,Trey Cabbage,Trey Cabbage ,https://www.fangraphs.com/players/trey-cabbage/sa875022/stats?position=OF,5/3/1997,BAL
beck6241996,Tristan Beck,Tristan Beck ,https://www.fangraphs.com/players/tristan-beck/sa3008526/stats?position=P,6/24/1996,BAL
ande12301989,Tyler Anderson,Tyler Anderson ,https://www.fangraphs.com/players/tyler-anderson/12880/stats?position=P,12/30/1989,BAL
beri1232001,Victor Bericoto,Victor Bericoto ,https://www.fangraphs.com/players/victor-bericoto/sa3008767/stats?position=1B/OF,12/3/2001,BAL
blak2212002,Werner Blakely,Werner Blakely ,https://www.fangraphs.com/players/werner-blakely/sa3014502/stats?position=2B/3B/SS,2/21/2002,BAL
garc9132001,Yhoswar Garcia,Yhoswar Garcia ,https://www.fangraphs.com/players/yhoswar-garcia/sa3015117/stats?position=OF,9/13/2001,BAL
cord1261995,Allen Cordoba,Allen Córdoba ,https://www.fangraphs.com/players/allen-cordoba/15722/stats?position=SS/OF,12/6/1995,BOS
gomb11231993,Austin Gomber,Austin Gomber ,https://www.fangraphs.com/players/austin-gomber/16561/stats?position=P,11/23/1993,BOS
leit4131963,Mark Leiter,Mark Leiter ,https://www.fangraphs.com/players/mark-leiter/1007501/stats?position=P,4/13/1963,BOS
chav8111995,Michael Chavis,Michael Chavis ,https://www.fangraphs.com/players/michael-chavis/17321/stats?position=1B/2B,8/11/1995,BOS
alex7141994,Tyler Alexander,Tyler Alexander ,https://www.fangraphs.com/players/tyler-alexander/17735/stats?position=P,7/14/1994,BOS
aust961991,Tyler Austin,Tyler Austin ,https://www.fangraphs.com/players/tyler-austin/11850/stats?position=1B,9/6/1991,BOS
saup1161990,Warwick Saupold,Warwick Saupold 서폴드,https://www.fangraphs.com/players/warwick-saupold/13211/stats?position=P,1/16/1990,BOS
lope2101993,Jorge Lopez,Jorge López ,https://www.fangraphs.com/players/jorge-lopez/14527/stats?position=P,2/10/1993,BOS
szcz7201989,Matt Szczur,Matt Szczur ,https://www.fangraphs.com/players/matt-szczur/11255/stats?position=OF,7/20/1989,BOS
stan7261991,Ryne Stanek,Ryne Stanek ,https://www.fangraphs.com/players/ryne-stanek/15947/stats?position=P,7/26/1991,BOS
robe3221994,Daniel Ray Robertson,Daniel Robertson ,https://www.fangraphs.com/players/daniel-robertson/14145/stats?position=2B/3B/SS,3/22/1994,BOS
ridd10121991,JT Riddle,JT Riddle ,https://www.fangraphs.com/players/jt-riddle/17642/stats?position=SS,10/12/1991,BOS
bert1221990,Jonathon Berti,Jon Berti ,https://www.fangraphs.com/players/jon-berti/12037/stats?position=3B/OF,1/22/1990,BOS
pena2251990,Felix Pena,Félix Peña ,https://www.fangraphs.com/players/felix-pena/13403/stats?position=P,2/25/1990,BOS
bumm9211993,Aaron Bummer,Aaron Bummer ,https://www.fangraphs.com/players/aaron-bummer/16258/stats?position=P,9/21/1993,BOS
yast8231990,Mike Yastrzemski,Mike Yastrzemski ,https://www.fangraphs.com/players/mike-yastrzemski/14854/stats?position=OF,8/23/1990,BOS
frie1181994,Max Fried,Max Fried ,https://www.fangraphs.com/players/max-fried/13743/stats?position=P,1/18/1994,BOS
swan2111994,Dansby Swanson,Dansby Swanson ,https://www.fangraphs.com/players/dansby-swanson/18314/stats?position=SS,2/11/1994,BOS
vott9101983,Joey Votto,Joey Votto ,https://www.fangraphs.com/players/joey-votto/4314/stats?position=1B,9/10/1983,BOS
brya141992,Kris Bryant,Kris Bryant ,https://www.fangraphs.com/players/kris-bryant/15429/stats?position=3B/OF,1/4/1992,BOS
corb7191989,Pat Corbin,Patrick Corbin ,https://www.fangraphs.com/players/patrick-corbin/9323/stats?position=P,7/19/1989,BOS
alfa6111993,Jorge Alfaro,Jorge Alfaro ,https://www.fangraphs.com/players/jorge-alfaro/12180/stats?position=C,6/11/1993,BOS
barg11121999,Addison Barger,Addison Barger ,https://www.fangraphs.com/players/addison-barger/sa3006910/stats?position=2B/SS,11/12/1999,BOS
mcke961997,Alex McKenna,Alex McKenna ,https://www.fangraphs.com/players/alexander-mckenna/sa3008003/stats?position=OF,9/6/1997,BOS
bos5151998,Alex Palmer BOS,Alex Palmer ,https://www.fangraphs.com/players/alex-palmer/sa3011347/stats?position=P,5/15/1998,BOS
gonz9162000,Alvaro Gonzalez,Alvaro Gonzalez ,https://www.fangraphs.com/players/alvaro-gonzalez/sa3005715/stats?position=2B/SS,9/16/2000,BOS
lock531994,Andrew Lockett,Walker Lockett ,https://www.fangraphs.com/players/walker-lockett/13804/stats?position=P,5/3/1994,BOS
rasc232001,Bodi Rascon,Bodi Rascon ,https://www.fangraphs.com/players/bodi-rascon/sa3011849/stats?position=P,2/3/2001,BOS
grav1301993,Brett Graves,Brett Graves ,https://www.fangraphs.com/players/brett-graves/16218/stats?position=P,1/30/1993,BOS
sull2221994,Brett Sullivan,Brett Sullivan ,https://www.fangraphs.com/players/brett-sullivan/sa857232/stats?position=C,2/22/1994,BOS
brig6191995,Bryson Brigman,Bryson Brigman ,https://www.fangraphs.com/players/bryson-brigman/sa829857/stats?position=2B/SS,6/19/1995,BOS
stot1061997,Bryson Stott,Bryson Stott ,https://www.fangraphs.com/players/bryson-stott/sa3011443/stats?position=SS,10/6/1997,BOS
,Cabera Weaver,,,,BOS
sepu8271996,Carlos Sepulveda,Carlos Sepulveda ,https://www.fangraphs.com/players/carlos-sepulveda/sa877338/stats?position=2B,8/27/1996,BOS
fulm12131993,Carson Fulmer,Carson Fulmer ,https://www.fangraphs.com/players/carson-fulmer/18311/stats?position=P,12/13/1993,BOS
mack11121999,Charles Mack,Charles Mack ,https://www.fangraphs.com/players/charles-mack/sa3008250/stats?position=C/3B,11/12/1999,BOS
tils1221992,Charlie Tilson,Charles Tilson ,https://www.fangraphs.com/players/charlie-tilson/12983/stats?position=OF,12/2/1992,BOS
vall8211996,Chase Vallot,Chase Vallot ,https://www.fangraphs.com/players/chase-vallot/sa828684/stats?position=C,8/21/1996,BOS
shaw10201993,Chris Shaw,Chris Shaw ,https://www.fangraphs.com/players/chris-shaw/17738/stats?position=OF,10/20/1993,BOS
lope1011992,Christian Lopes,Christian Lopes ,https://www.fangraphs.com/players/christian-lopes/sa601044/stats?position=2B,10/1/1992,BOS
wilc7141999,Cole Wilcox,Cole Wilcox ,https://www.fangraphs.com/players/mitchell-wilcox/sa3014443/stats?position=P,7/14/1999,BOS
keir5131997,Dashawn Keirsey,DaShawn Keirsey ,https://www.fangraphs.com/players/dashawn-keirsey/sa3007301/stats?position=OF,5/13/1997,BOS
fell361998,Drake Fellows,Drake Fellows ,https://www.fangraphs.com/players/drake-fellows/sa3015208/stats?position=P,3/6/1998,BOS
cabr10101996,Genesis Cabrera,Génesis Cabrera ,https://www.fangraphs.com/players/genesis-cabrera/17490/stats?position=P,10/10/1996,BOS
lara10301997,Gilbert Lara,Gilbert Lara ,https://www.fangraphs.com/players/gilbert-lara/sa877337/stats?position=3B/SS,10/30/1997,BOS
smit3251997,Hugh Smith,Hugh Smith ,https://www.fangraphs.com/players/hugh-smith/sa3008669/stats?position=P,3/25/1997,BOS
noll381994,Jake Noll,Jake Noll ,https://www.fangraphs.com/players/jake-noll/19703/stats?position=1B,3/8/1994,BOS
rave12301997,Jake Rave,John Rave ,https://www.fangraphs.com/players/john-rave/sa918890/stats?position=OF,12/30/1997,BOS
rome991996,Jojo Romero,JoJo Romero ,https://www.fangraphs.com/players/jojo-romero/19574/stats?position=P,9/9/1996,BOS
reye2201997,Jomar Reyes,Jomar Reyes ,https://www.fangraphs.com/players/jomar-reyes/sa830204/stats?position=3B,2/20/1997,BOS
past9122002,Jose Simon Pastrano,Jose Pastrano ,https://www.fangraphs.com/players/jose-pastrano/sa3015229/stats?position=2B,9/12/2002,BOS
sbor12171993,Josh Sborz,Josh Sborz ,https://www.fangraphs.com/players/josh-sborz/18323/stats?position=P,12/17/1993,BOS
hill5151997,Juan Hillman,Juan Hillman ,https://www.fangraphs.com/players/juan-hillman/sa874796/stats?position=P,5/15/1997,BOS
fern321997,Junior Fernandez,Junior Fernández ,https://www.fangraphs.com/players/junior-fernandez/18496/stats?position=P,3/2/1997,BOS
fish9191999,Keegan Fish,Keegan Fish ,https://www.fangraphs.com/players/keegan-fish/sa3007068/stats?position=C,9/19/1999,BOS
carp921997,Kerry Carpenter,Kerry Carpenter ,https://www.fangraphs.com/players/kerry-carpenter/sa3010689/stats?position=OF,9/2/1997,BOS
merr12141995,Kevin Merrell,Kevin Merrell ,https://www.fangraphs.com/players/kevin-merrell/sa915707/stats?position=SS,12/14/1995,BOS
robe9201994,Kramer Robertson,Kramer Robertson ,https://www.fangraphs.com/players/kramer-robertson/sa857820/stats?position=SS,9/20/1994,BOS
erne9122000,Larry Ernesto,Larry Ernesto ,https://www.fangraphs.com/players/larry-ernesto/sa3005485/stats?position=OF,9/12/2000,BOS
noot981997,Lars Nootbaar,Lars Nootbaar ,https://www.fangraphs.com/players/lars-nootbaar/21454/stats?position=OF,9/8/1997,BOS
alma1111999,Luis Almanzar,Luis Almanzar ,https://www.fangraphs.com/players/luis-almanzar/sa970515/stats?position=1B/3B,11/1/1999,BOS
diaz1132000,Luis Diaz,Luis Diaz ,https://www.fangraphs.com/players/luis-diaz/sa3003354/stats?position=OF,1/13/2000,BOS
cron9201997,Matt Cronin,Matt Cronin ,https://www.fangraphs.com/players/matthew-cronin/sa3011463/stats?position=P,9/20/1997,BOS
kroo10211994,Matt Krook,Matt Krook ,https://www.fangraphs.com/players/matthew-krook/sa737535/stats?position=P,10/21/1994,BOS
bos4181996,Michael Emodi BOS,Michael Emodi ,https://www.fangraphs.com/players/michael-emodi/sa3007318/stats?position=C,4/18/1996,BOS
limo5302000,Michael Limoncelli,Michael Limoncelli ,https://www.fangraphs.com/players/michael-limoncelli/sa3015096/stats?position=P,5/30/2000,BOS
burd1191993,Nick Burdi,Nick Burdi ,https://www.fangraphs.com/players/nick-burdi/16074/stats?position=P,1/19/1993,BOS
kenn6201996,Nick Kennedy,Nick Kennedy ,https://www.fangraphs.com/players/nicholas-kennedy/sa3004987/stats?position=P,6/20/1996,BOS
raqu12121995,Nick Raquet,Nick Raquet ,https://www.fangraphs.com/players/nick-raquet/sa3004658/stats?position=P,12/12/1995,BOS
cruz341995,Oscar De La Cruz ,Oscar De La Cruz ,https://www.fangraphs.com/players/oscar-de-la-cruz/sa737037/stats?position=P,3/4/1995,BOS
guti5242001,Osvani Gutierrez,Osvanni Gutierrez ,https://www.fangraphs.com/players/osvanni-gutierrez/sa3009730/stats?position=P,5/24/2001,BOS
whit891999,Owen White,Owen White ,https://www.fangraphs.com/players/william-white/sa3014481/stats?position=P,8/9/1999,BOS
naug4161996,Packy Naughton,Packy Naughton ,https://www.fangraphs.com/players/packy-naughton/23292/stats?position=P,4/16/1996,BOS
avil1141997,Pedro Avila,Pedro Avila ,https://www.fangraphs.com/players/pedro-avila/18864/stats?position=P,1/14/1997,BOS
grac12101999,Regi Grace,Regi Grace ,https://www.fangraphs.com/players/regi-grace/sa3008101/stats?position=P,12/10/1999,BOS
bos162001,Reidy Mercado BOS,Reidy Mercado ,https://www.fangraphs.com/players/reidy-mercado/sa3005612/stats?position=OF,1/6/2001,BOS
leye3131993,Robinson Leyer,Robinson Leyer ,https://www.fangraphs.com/players/robinson-leyer/14399/stats?position=P,3/13/1993,BOS
blew4101996,Scott Blewett,Scott Blewett ,https://www.fangraphs.com/players/scott-blewett/16427/stats?position=P,4/10/1996,BOS
rive11161998,Sebastian Rivero,Sebastian Rivero ,https://www.fangraphs.com/players/sebastian-rivero/21735/stats?position=C,11/16/1998,BOS
bos5101998,Shane McNeely BOS,Shaine McNeely ,https://www.fangraphs.com/players/shaine-mcneely/sa1170032/stats?position=P,5/10/1998,BOS
gons781994,Stephen Gonsalves,Stephen Gonsalves ,https://www.fangraphs.com/players/stephen-gonsalves/15492/stats?position=P,7/8/1994,BOS
sikk7251998,TJ Sikkema,T.J. Sikkema ,https://www.fangraphs.com/players/tyler-sikkema/sa3011191/stats?position=P,7/25/1998,BOS
flet4302001,Trejyn Fletcher,Tre Fletcher ,https://www.fangraphs.com/players/trejyn-fletcher/sa3010709/stats?position=OF,4/30/2001,BOS
clif5111995,Trevor Clifton,Trevor Clifton ,https://www.fangraphs.com/players/trevor-clifton/sa737901/stats?position=P,5/11/1995,BOS
kinl1311991,Tyler Kinley,Tyler Kinley ,https://www.fangraphs.com/players/tyler-kinley/18297/stats?position=P,1/31/1991,BOS
kole12151995,Tyler Kolek,Tyler Kolek ,https://www.fangraphs.com/players/tyler-kolek/sa828660/stats?position=P,12/15/1995,BOS
garc411998,Wilkerman Garcia,Wilkerman Garcia ,https://www.fangraphs.com/players/wilkerman-garcia/sa872548/stats?position=SS,4/1/1998,BOS
holm12222000,William Holmes,William Holmes ,https://www.fangraphs.com/players/william-holmes/sa3007744/stats?position=P,12/22/2000,BOS
math12301993,Wyatt Mathisen,Wyatt Mathisen ,https://www.fangraphs.com/players/wyatt-mathisen/14555/stats?position=1B/3B,12/30/1993,BOS
sanc711992,Aaron Sanchez,Aaron Sanchez ,https://www.fangraphs.com/players/aaron-sanchez/11490/stats?position=P,7/1/1992,
kneb11261991,Corey Knebel,Corey Knebel ,https://www.fangraphs.com/players/corey-knebel/15010/stats?position=P,11/26/1991,
ruff7281986,Darin Ruff,Darin Ruf 러프,https://www.fangraphs.com/players/darin-ruf/9929/stats?position=1B/OF,7/28/1986,
swan941993,Erik Swanson,Erik Swanson ,https://www.fangraphs.com/players/erik-swanson/16587/stats?position=P,9/4/1993,NYY
stal12221989,Jacob Stallings,Jacob Stallings ,https://www.fangraphs.com/players/jacob-stallings/13723/stats?position=C,12/22/1989,NYY
maye1261991,Mike Mayers,Mike Mayers ,https://www.fangraphs.com/players/mike-mayers/15451/stats?position=P,12/6/1991,NYY
sute8291989,Brent Suter,Brent Suter ,https://www.fangraphs.com/players/brent-suter/13942/stats?position=P,8/29/1989,NYY
adam921995,Willy Adames,Willy Adames ,https://www.fangraphs.com/players/willy-adames/15986/stats?position=SS,9/2/1995,NYY
dick5261990,Alex Dickerson,Alex Dickerson ,https://www.fangraphs.com/players/alex-dickerson/12649/stats?position=OF,5/26/1990,NYY
mcma12141994,Ryan McMahon,Ryan McMahon ,https://www.fangraphs.com/players/ryan-mcmahon/15112/stats?position=2B/3B,12/14/1994,NYY
bend231995,Anthony Bender,Anthony Bender ,https://www.fangraphs.com/players/anthony-bender/19742/stats?position=P,2/3/1995,NYY
mcge861986,Jake McGee,Jake McGee ,https://www.fangraphs.com/players/jake-mcgee/7550/stats?position=P,8/6/1986,NYY
fran8261992,Maikel Franco,Maikel Franco ,https://www.fangraphs.com/players/maikel-franco/12179/stats?position=3B,8/26/1992,NYY
lore141992,Michael Lorenzen,Michael Lorenzen ,https://www.fangraphs.com/players/michael-lorenzen/14843/stats?position=P,1/4/1992,NYY
eova2131990,Nate Eovaldi,Nathan Eovaldi ,https://www.fangraphs.com/players/nathan-eovaldi/9132/stats?position=P,2/13/1990,NYY
tana1111988,Masahiro Tanaka,Masahiro Tanaka ,https://www.fangraphs.com/players/masahiro-tanaka/15764/stats?position=P,11/1/1988,NYY
wood1121991,RV1 Alex Wood,Alex Wood ,https://www.fangraphs.com/players/alex-wood/13781/stats?position=P,1/12/1991,NYY
mccu10101986,Andrew McCutchen,Andrew McCutchen ,https://www.fangraphs.com/players/andrew-mccutchen/9847/stats?position=OF,10/10/1986,NYY
bass1111987,Anthony Bass,Anthony Bass ,https://www.fangraphs.com/players/anthony-bass/7982/stats?position=P,11/1/1987,NYY
kim10171995,Ha-Seong Kim,Ha-Seong Kim 김하성,https://www.fangraphs.com/players/ha-seong-kim/27506/stats?position=2B/3B/SS,10/17/1995,NYY
kiku6171991,Yusei Kikuchi,Yusei Kikuchi ,https://www.fangraphs.com/players/yusei-kikuchi/20633/stats?position=P,6/17/1991,NYY
hend1271989,Kyle Hendricks,Kyle Hendricks ,https://www.fangraphs.com/players/kyle-hendricks/12049/stats?position=P,12/7/1989,NYY
haas12181992,Eric Haase,Eric Haase ,https://www.fangraphs.com/players/eric-haase/14111/stats?position=C,12/18/1992,NYY
roja6301994,Josh Rojas,Josh Rojas ,https://www.fangraphs.com/players/josh-rojas/19734/stats?position=2B/OF,6/30/1994,NYY
stra10171994,Myles Straw,Myles Straw ,https://www.fangraphs.com/players/myles-straw/17620/stats?position=OF,10/17/1994,NYY
dobn1171995,Randy Dobnak,Randy Dobnak ,https://www.fangraphs.com/players/randy-dobnak/23798/stats?position=P,1/17/1995,NYY
skub11201996,Tarik Skubal,Tarik Skubal ,https://www.fangraphs.com/players/tarik-skubal/22267/stats?position=P,11/20/1996,NYY
thom10231993,Zach Thompson,Zach Thompson ,https://www.fangraphs.com/players/zach-thompson/16094/stats?position=P,10/23/1993,NYY
cris12251994,Nabil Crismatt,Nabil Crismatt ,https://www.fangraphs.com/players/nabil-crismatt/17732/stats?position=P,12/25/1994,NYY
thom12101992,Dillon Thomas,Dillon Thomas ,https://www.fangraphs.com/players/dillon-thomas/12719/stats?position=OF,12/10/1992,NYY
cast5301995,Ivan Castillo,Ivan Castillo ,https://www.fangraphs.com/players/ivan-castillo/15971/stats?position=2B/3B,5/30/1995,NYY
flet2251996,Aaron Fletcher,Aaron Fletcher ,https://www.fangraphs.com/players/aaron-fletcher/22052/stats?position=P,2/25/1996,NYY
nneb11141997,Andre Nnebe,Andre Nnebe ,https://www.fangraphs.com/players/andre-nnebe/sa3011588/stats?position=OF,11/14/1997,NYY
vela7141994,Andrew Velazquez,Andrew Velazquez ,https://www.fangraphs.com/players/andrew-velazquez/14196/stats?position=SS,7/14/1994,NYY
bric6191992,Austin Brice,Austin Brice ,https://www.fangraphs.com/players/austin-brice/17237/stats?position=P,6/19/1992,NYY
webb4251995,Braden Webb,Braden Webb ,https://www.fangraphs.com/players/braden-webb/sa876362/stats?position=P,4/25/1995,NYY
doyl5141998,Brenton Doyle,Brenton Doyle ,https://www.fangraphs.com/players/brenton-doyle/sa3009965/stats?position=OF,5/14/1998,NYY
kris231994,Brooks Kriske,Brooks Kriske ,https://www.fangraphs.com/players/brooks-kriske/21189/stats?position=P,2/3/1994,NYY
rale6291988,Brooks Raley,Brooks Raley 레일리,https://www.fangraphs.com/players/brooks-raley/10061/stats?position=P,6/29/1988,NYY
bish2141996,Cameron Bishop,Cameron Bishop ,https://www.fangraphs.com/players/cameron-bishop/sa829601/stats?position=P,2/14/1996,NYY
dova741997,Camilo Doval,Camilo Doval ,https://www.fangraphs.com/players/camilo-doval/21992/stats?position=P,7/4/1997,NYY
nave751999,Carlos Naveda,Carlos Naveda ,https://www.fangraphs.com/players/carlos-naveda/sa3003144/stats?position=P,7/5/1999,NYY
gold911994,Casey Golden,Casey Golden ,https://www.fangraphs.com/players/casey-golden/sa873997/stats?position=OF,9/1/1994,NYY
redm191997,Chandler Redmond,Chandler Redmond ,https://www.fangraphs.com/players/chandler-redmond/sa1170749/stats?position=1B/3B,1/9/1997,NYY
laws11201995,Colton Laws,Colton Laws ,https://www.fangraphs.com/players/colton-laws/sa3004193/stats?position=P,11/20/1995,NYY
rand621997,Cornelius Randolph,Cornelius Randolph ,https://www.fangraphs.com/players/cornelius-randolph/sa874241/stats?position=OF,6/2/1997,NYY
harr781999,Dustin Harris,Dustin Harris ,https://www.fangraphs.com/players/dustin-harris/sa3010279/stats?position=1B,7/8/1999,NYY
nyy11292000,Edgardo Rodriguez NYY,Edgardo Rodriguez ,https://www.fangraphs.com/players/edgardo-rodriguez/sa3005532/stats?position=C,11/29/2000,NYY
alva10151994,Eliezer Alvarez,Eliezer Álvarez ,https://www.fangraphs.com/players/eliezer-alvarez/sa657261/stats?position=2B/OF,10/15/1994,NYY
pere3141996,Freicer Perez,Freicer Perez ,https://www.fangraphs.com/players/freicer-perez/sa873207/stats?position=P,3/14/1996,NYY
hart1291993,Geoff Hartlieb,Geoff Hartlieb ,https://www.fangraphs.com/players/geoff-hartlieb/19558/stats?position=P,12/9/1993,NYY
nym12252003,Hans Montero NYM,Hans Montero ,https://www.fangraphs.com/players/hans-montero/sa3016321/stats?position=SS,12/25/2003,NYY
ynoa5281998,Huascar Ynoa,Huascar Ynoa ,https://www.fangraphs.com/players/huascar-ynoa/20468/stats?position=P,5/28/1998,NYY
,Jack Hartman,,,,NYY
tetr631996,Jackson Tetreault,Jackson Tetreault ,https://www.fangraphs.com/players/jackson-tetreault/sa3004662/stats?position=P,6/3/1996,NYY
dura181998,Jhoan Duran,Jhoan Duran ,https://www.fangraphs.com/players/jhoan-duran/sa873347/stats?position=P,1/8/1998,NYY
nyy1292000,Jhon Solarte NYY,Jhon Solarte ,https://www.fangraphs.com/players/jhon-solarte/sa3005510/stats?position=OF,12/9/2000,NYY
schr351994,John Schreiber,John Schreiber ,https://www.fangraphs.com/players/john-schreiber/20020/stats?position=P,3/5/1994,NYY
lope911993,Jose Lopez,José López ,https://www.fangraphs.com/players/jose-lopez/sa709715/stats?position=P,9/1/1993,NYY
mesa8131993,Jose Mesa,José Mesa Jr. ,https://www.fangraphs.com/players/jose-mesa/sa658593/stats?position=P,8/13/1993,NYY
enri1211998,Kole Enright,Kole Enright ,https://www.fangraphs.com/players/kole-enright/sa917991/stats?position=2B/OF,1/21/1998,NYY
delg6201999,Lency Delgado,Lency Delgado ,https://www.fangraphs.com/players/lency-delgado/sa3006913/stats?position=SS,6/20/1999,NYY
news1181996,Ljay Newsome,Ljay Newsome ,https://www.fangraphs.com/players/ljay-newsome/19942/stats?position=P,11/8/1996,NYY
goha7311996,Luiz Gohara,Luiz Gohara ,https://www.fangraphs.com/players/luiz-gohara/15166/stats?position=P,7/31/1996,NYY
nyy10102001,Marcos Cabrera NYY,Marcos Cabrera ,https://www.fangraphs.com/players/marcos-cabrera/sa3008890/stats?position=3B,10/10/2001,NYY
gil7242000,Mateo Gil,Mateo Gil ,https://www.fangraphs.com/players/mateo-gil/sa3007050/stats?position=SS,7/24/2000,NYY
kilk3241997,Mitchell Kilkenny,Mitchell Kilkenny ,https://www.fangraphs.com/players/mitchell-kilkenny/sa3010119/stats?position=P,3/24/1997,NYY
crow3252002,Pete Crow-Armstrong,Pete Crow-Armstrong ,https://www.fangraphs.com/players/peter-crow-armstrong/sa3014458/stats?position=OF,3/25/2002,NYY
mccl11161992,Reggie McClain,Reggie McClain ,https://www.fangraphs.com/players/reggie-mcclain/19311/stats?position=P,11/16/1992,NYY
lasc1312001,Ronier Lascarro,Ronier Lascarro ,https://www.fangraphs.com/players/ronier-lascarro/sa3005512/stats?position=OF,1/31/2001,NYY
noda3301996,Ryan Noda,Ryan Noda ,https://www.fangraphs.com/players/ryan-noda/sa873960/stats?position=1B/OF,3/30/1996,NYY
weis12101996,Ryan Weiss,Ryan Weiss ,https://www.fangraphs.com/players/ryan-weiss/sa3007778/stats?position=P,12/10/1996,NYY
nyy12131999,Sean Guilbe NYY,Sean Guilbe ,https://www.fangraphs.com/players/sean-guilbe/sa3008185/stats?position=3B/OF,12/13/1999,NYY
hjel571997,Sean Hjelle,Sean Hjelle ,https://www.fangraphs.com/players/sean-hjelle/sa3007989/stats?position=P,5/7/1997,NYY
szyn7141997,Skylar Szynski,Skylar Szynski ,https://www.fangraphs.com/players/skylar-szynski/sa917964/stats?position=P,7/14/1997,NYY
thom6161999,Tahnaj Thomas,Tahnaj Thomas ,https://www.fangraphs.com/players/tahnaj-thomas/sa3003066/stats?position=P,6/16/1999,NYY
brad3202001,Taj Bradley,Taj Bradley ,https://www.fangraphs.com/players/taj-bradley/sa3007839/stats?position=P,3/20/2001,NYY
gore681991,Terrance Gore,Terrance Gore ,https://www.fangraphs.com/players/terrance-gore/13658/stats?position=DH/OF,6/8/1991,NYY
supa5311996,Trey Supak,Trey Supak ,https://www.fangraphs.com/players/treyson-supak/sa828707/stats?position=P,5/31/1996,NYY
fran1151997,Tyler Frank,Tyler Frank ,https://www.fangraphs.com/players/tyler-frank/sa3006660/stats?position=2B/SS,1/15/1997,NYY
phil10271997,Tyler Phillips,Tyler Phillips ,https://www.fangraphs.com/players/tyler-phillips/sa875646/stats?position=P,10/27/1997,NYY
lugo122002,William Lugo,William Lugo ,https://www.fangraphs.com/players/william-lugo/sa3010876/stats?position=SS,1/2/2002,NYY
maci10281996,Willie MacIver,Willie MacIver ,https://www.fangraphs.com/players/william-maciver/sa3007828/stats?position=C,10/28/1996,NYY
erwi1241994,Zack Erwin,Zack Erwin ,https://www.fangraphs.com/players/zachary-erwin/sa857605/stats?position=P,1/24/1994,NYY
stri11231989,Ross Stripling,Ross Stripling ,https://www.fangraphs.com/players/ross-stripling/13273/stats?position=P,11/23/1989,
uren9121991,Jose Urena,José Ureña ,https://www.fangraphs.com/players/jose-urena/11589/stats?position=P,9/12/1991,
sola12171987,Donovan Solano,Donovan Solano ,https://www.fangraphs.com/players/donovan-solano/8623/stats?position=2B,12/17/1987,
lugo11171989,Seth Lugo,Seth Lugo ,https://www.fangraphs.com/players/seth-lugo/12447/stats?position=P,11/17/1989,
mart1091988,Starling Marte,Starling Marte ,https://www.fangraphs.com/players/starling-marte/9241/stats?position=OF,10/9/1988,
seag4271994,Corey Seager,Corey Seager ,https://www.fangraphs.com/players/corey-seager/13624/stats?position=SS,4/27/1994,
rich5271988,Garrett Richards,Garrett Richards ,https://www.fangraphs.com/players/garrett-richards/9784/stats?position=P,5/27/1988,
ryu3251987,Hyun Jin Ryu,Hyun Jin Ryu 류현진,https://www.fangraphs.com/players/hyun-jin-ryu/14444/stats?position=P,3/25/1987,
free9121989,Freddie Freeman,Freddie Freeman ,https://www.fangraphs.com/players/freddie-freeman/5361/stats?position=1B,9/12/1989,
boxb5271988,Brad Boxberger,Brad Boxberger ,https://www.fangraphs.com/players/brad-boxberger/10133/stats?position=P,5/27/1988,TB
tuck1171997,Kyle Tucker,Kyle Tucker ,https://www.fangraphs.com/players/kyle-tucker/18345/stats?position=OF,1/17/1997,TB
webb11181996,Logan Webb,Logan Webb ,https://www.fangraphs.com/players/logan-webb/17995/stats?position=P,11/18/1996,TB
ceas12281995,Dylan Cease,Dylan Cease ,https://www.fangraphs.com/players/dylan-cease/18525/stats?position=P,12/28/1995,TB
guer191991,Tayron Guerrero,Tayron Guerrero ,https://www.fangraphs.com/players/tayron-guerrero/11691/stats?position=P,1/9/1991,TB
mint921993,A.J. Minter,A.J. Minter ,https://www.fangraphs.com/players/aj-minter/18655/stats?position=P,9/2/1993,TB
cimb8151990,Adam Cimber,Adam Cimber ,https://www.fangraphs.com/players/adam-cimber/15288/stats?position=P,8/15/1990,TB
yang311988,Hyeon-Jong Yang,Hyeon-Jong Yang 양현종,https://www.fangraphs.com/players/hyeon-jong-yang/27513/stats?position=P,3/1/1988,
gall831995,Zac Gallen,Zac Gallen ,https://www.fangraphs.com/players/zac-gallen/19291/stats?position=P,8/3/1995,TB
gree5241991,Chad Green,Chad Green ,https://www.fangraphs.com/players/chad-green/15552/stats?position=P,5/24/1991,TB
pere441991,Martin Perez,Martín Pérez ,https://www.fangraphs.com/players/martin-perez/6902/stats?position=P,4/4/1991,TB
torr12131996,Gleyber Torres,Gleyber Torres ,https://www.fangraphs.com/players/gleyber-torres/16997/stats?position=2B/SS,12/13/1996,TB
giol7141994,Lucas Giolito,Lucas Giolito ,https://www.fangraphs.com/players/lucas-giolito/15474/stats?position=P,7/14/1994,TB
gran1181988,Yasmani Grandal,Yasmani Grandal ,https://www.fangraphs.com/players/yasmani-grandal/11368/stats?position=C,11/8/1988,TB
chap4281993,Matt Chapman,Matt Chapman ,https://www.fangraphs.com/players/matt-chapman/16505/stats?position=3B,4/28/1993,TB
trei6301988,Blake Treinen,Blake Treinen ,https://www.fangraphs.com/players/blake-treinen/12572/stats?position=P,6/30/1988,TB
yeli1251991,Christian Yelich,Christian Yelich ,https://www.fangraphs.com/players/christian-yelich/11477/stats?position=OF,12/5/1991,TB
mous9111988,Mike Moustakas,Mike Moustakas ,https://www.fangraphs.com/players/mike-moustakas/4892/stats?position=3B,9/11/1988,TB
sale3301989,Chris Sale,Chris Sale ,https://www.fangraphs.com/players/chris-sale/10603/stats?position=P,3/30/1989,TB
brow7131992,Seth Brown,Seth Brown ,https://www.fangraphs.com/players/seth-brown/18171/stats?position=OF,7/13/1992,TB
roge12171990,Tyler Rogers,Tyler Rogers ,https://www.fangraphs.com/players/tyler-rogers/15541/stats?position=P,12/17/1990,TB
nola12281989,Austin Nola,Austin Nola ,https://www.fangraphs.com/players/austin-nola/15941/stats?position=C/1B,12/28/1989,TB
klob5161995,Gabe Klobosits,Gabe Klobosits ,https://www.fangraphs.com/players/gabe-klobosits/19881/stats?position=P,5/16/1995,TB
snea1071994,Kirby Snead,Kirby Snead ,https://www.fangraphs.com/players/kirby-snead/19179/stats?position=P,10/7/1994,TB
guen12291995,Sean Guenther,Sean Guenther ,https://www.fangraphs.com/players/sean-guenther/20045/stats?position=P,12/29/1995,TB
trej5301996,Alan Trejo,Alan Trejo ,https://www.fangraphs.com/players/alan-trejo/20056/stats?position=2B/SS,5/30/1996,TB
kirk1161998,Alejandro Kirk,Alejandro Kirk ,https://www.fangraphs.com/players/alejandro-kirk/22581/stats?position=C,11/6/1998,TB
teje511998,Andersen Tejeda,Anderson Tejeda ,https://www.fangraphs.com/players/anderson-tejeda/19909/stats?position=SS,5/1/1998,TB
sant4151997,Antonio Santillan,Tony Santillan ,https://www.fangraphs.com/players/tony-santillan/19926/stats?position=P,4/15/1997,TB
garc1121993,Aramis Garcia,Aramis Garcia ,https://www.fangraphs.com/players/aramis-garcia/16925/stats?position=C,1/12/1993,TB
alle1161994,Austin Allen,Austin Allen ,https://www.fangraphs.com/players/austin-allen/18083/stats?position=C,1/16/1994,TB
rest722001,Bladimir Restituyo,Bladimir Restituyo ,https://www.fangraphs.com/players/bladimir-restituyo/sa3006621/stats?position=OF,7/2/2001,TB
poyn1211992,Bobby Poyner,Bobby Poyner ,https://www.fangraphs.com/players/bobby-poyner/17987/stats?position=P,12/1/1992,TB
marq1301999,Brailyn Marquez,Brailyn Márquez ,https://www.fangraphs.com/players/brailyn-marquez/21896/stats?position=P,1/30/1999,TB
abre4221997,Bryan Abreu,Bryan Abreu ,https://www.fangraphs.com/players/bryan-abreu/16609/stats?position=P,4/22/1997,TB
mene5291995,Conner Menez,Conner Menez ,https://www.fangraphs.com/players/conner-menez/19199/stats?position=P,5/29/1995,TB
just1121994,Connor Justus,Connor Justus ,https://www.fangraphs.com/players/connor-justus/sa873634/stats?position=SS,11/2/1994,TB
evan10221996,Demarcus Evans,Demarcus Evans ,https://www.fangraphs.com/players/demarcus-evans/21087/stats?position=P,10/22/1996,TB
walt5251994,Donnie Walton,Donovan Walton ,https://www.fangraphs.com/players/donovan-walton/19314/stats?position=2B/SS,5/25/1994,TB
wate12301998,Drew Waters,Drew Waters ,https://www.fangraphs.com/players/andrew-waters/sa3004378/stats?position=OF,12/30/1998,TB
oliv882000,Helcris Olivarez,Helcris Olivarez ,https://www.fangraphs.com/players/helcris-olivarez/sa3002965/stats?position=P,8/8/2000,TB
kend7121983,Howie Kendrick,Howie Kendrick ,https://www.fangraphs.com/players/howie-kendrick/4229/stats?position=2B,7/12/1983,TB
tb1231996,Jackson Cluff TB,Jackson Cluff ,https://www.fangraphs.com/players/jackson-cluff/sa3010342/stats?position=SS,12/3/1996,TB
gate9251995,Jacob Gatewood,Jake Gatewood ,https://www.fangraphs.com/players/henry-gatewood/sa828685/stats?position=1B/3B/SS,9/25/1995,TB
bear9242000,James Beard,James Beard ,https://www.fangraphs.com/players/james-beard/sa3010038/stats?position=OF,9/24/2000,TB
guer9251995,Javier Guerra,Javy Guerra ,https://www.fangraphs.com/players/javy-guerra/17292/stats?position=P,9/25/1995,TB
tino4301995,Jesus Tinoco,Jesus Tinoco ,https://www.fangraphs.com/players/jesus-tinoco/16300/stats?position=P,4/30/1995,TB
tb3191998,Jose Butto TB,Jose Butto ,https://www.fangraphs.com/players/jose-butto/sa3003166/stats?position=P,3/19/1998,TB
cowa621992,Kaleb Cowart,Kaleb Cowart ,https://www.fangraphs.com/players/kaleb-cowart/11494/stats?position=2B/3B,6/2/1992,TB
made4151997,Luis Madero,Luís Madero ,https://www.fangraphs.com/players/luis-madero/20399/stats?position=P,4/15/1997,TB
saue1211999,Matt Sauer,Matt Sauer ,https://www.fangraphs.com/players/matthew-sauer/sa3005118/stats?position=P,1/21/1999,TB
skol7301989,Matt Skole,Matt Skole ,https://www.fangraphs.com/players/matt-skole/12119/stats?position=1B/DH,7/30/1989,TB
otan731997,Michel Otanez,Michel Otanez ,https://www.fangraphs.com/players/michel-otanez/sa932611/stats?position=P,7/3/1997,TB
tria11231999,Michel Triana,Michel Triana ,https://www.fangraphs.com/players/michel-triana/sa3014681/stats?position=1B,11/23/1999,TB
tb8201998,Noah Murdock TB,Noah Murdock ,https://www.fangraphs.com/players/noah-murdock/sa919012/stats?position=P,8/20/1998,TB
fren3191993,Parker French,Parker French ,https://www.fangraphs.com/players/parker-french/sa829473/stats?position=P,3/19/1993,TB
tb1131996,Reiss Knehr TB,Reiss Knehr ,https://www.fangraphs.com/players/reiss-knehr/21541/stats?position=P,11/3/1996,TB
thom6261992,Ryan Thompson,Ryan Thompson ,https://www.fangraphs.com/players/ryan-thompson/16647/stats?position=P,6/26/1992,TB
tb1082001,Sam Valerio TB,Samuel Valerio ,https://www.fangraphs.com/players/samuel-valerio/sa3009220/stats?position=P,10/8/2001,TB
aqui6201999,Stiward Aquino,Stiward Aquino ,https://www.fangraphs.com/players/stiward-aquino/sa3002911/stats?position=P,6/20/1999,TB
hack6281994,Thomas Hackimer,Tom Hackimer ,https://www.fangraphs.com/players/thomas-hackimer/sa872726/stats?position=P,6/28/1994,TB
,Brandon Kintzler,,,,
marg6181996,Nick Margevicius,Nick Margevicius ,https://www.fangraphs.com/players/nick-margevicius/20395/stats?position=P,6/18/1996,TOR
aran271995,Victor Arano,Víctor Arano ,https://www.fangraphs.com/players/victor-arano/15915/stats?position=P,2/7/1995,TOR
wojc12211988,Asher Wojciechowski,Asher Wojciechowski ,https://www.fangraphs.com/players/asher-wojciechowski/10836/stats?position=P,12/21/1988,TOR
magi11101989,Matt Magill,Matt Magill ,https://www.fangraphs.com/players/matt-magill/3950/stats?position=P,11/10/1989,TOR
almo4161994,Albert Almora,Albert Almora Jr. ,https://www.fangraphs.com/players/albert-almora-jr/14109/stats?position=OF,4/16/1994,TOR
knap1191991,Andrew Knapp,Andrew Knapp ,https://www.fangraphs.com/players/andrew-knapp/14942/stats?position=C,11/9/1991,TOR
diaz11171990,Elias Diaz,Elias Díaz ,https://www.fangraphs.com/players/elias-diaz/11680/stats?position=C,11/17/1990,TOR
mont12271992,Jordan Montgomery,Jordan Montgomery ,https://www.fangraphs.com/players/jordan-montgomery/16511/stats?position=P,12/27/1992,TOR
good761991,Nick Goody,Nick Goody ,https://www.fangraphs.com/players/nick-goody/13685/stats?position=P,7/6/1991,TOR
cast12241994,Miguel Castro,Miguel Castro ,https://www.fangraphs.com/players/miguel-castro/15684/stats?position=P,12/24/1994,TOR
este12281992,Carlos Estevez,Carlos Estévez ,https://www.fangraphs.com/players/carlos-estevez/14542/stats?position=P,12/28/1992,TOR
mars4181990,Evan Marshall,Evan Marshall ,https://www.fangraphs.com/players/evan-marshall/12297/stats?position=P,4/18/1990,TOR
galv11141989,Freddy Galvis,Freddy Galvis ,https://www.fangraphs.com/players/freddy-galvis/6609/stats?position=SS,11/14/1989,TOR
pera8141987,David Peralta,David Peralta ,https://www.fangraphs.com/players/david-peralta/2136/stats?position=OF,8/14/1987,TOR
arih8111992,Kohei Arihara,Kohei Arihara ,https://www.fangraphs.com/players/kohei-arihara/27505/stats?position=P,8/11/1992,TOR
heyw891989,Jason Heyward,Jason Heyward ,https://www.fangraphs.com/players/jason-heyward/4940/stats?position=OF,8/9/1989,TOR
simm941989,Andrelton Simmons,Andrelton Simmons ,https://www.fangraphs.com/players/andrelton-simmons/10847/stats?position=SS,9/4/1989,TOR
gard8241983,Brett Gardner,Brett Gardner ,https://www.fangraphs.com/players/brett-gardner/9927/stats?position=OF,8/24/1983,TOR
stel1311989,Tommy La Stella,Tommy La Stella ,https://www.fangraphs.com/players/tommy-la-stella/12371/stats?position=2B/3B,1/31/1989,TOR
cast341992,Nick Castellanos,Nick Castellanos ,https://www.fangraphs.com/players/nick-castellanos/11737/stats?position=3B/OF,3/4/1992,TOR
gold9101987,Paul Goldschmidt,Paul Goldschmidt ,https://www.fangraphs.com/players/paul-goldschmidt/9218/stats?position=1B,9/10/1987,TOR
mano191998,Alek Manoah,Alek Manoah ,https://www.fangraphs.com/players/alek-manoah/26410/stats?position=P,1/9/1998,TOR
mize511997,Casey Mize,Casey Mize ,https://www.fangraphs.com/players/casey-mize/20492/stats?position=P,5/1/1997,TOR
stew11301993,DJ Stewart,DJ Stewart ,https://www.fangraphs.com/players/dj-stewart/17766/stats?position=OF,11/30/1993,TOR
haye1281997,Ke'Bryan Hayes,Ke'Bryan Hayes ,https://www.fangraphs.com/players/kebryan-hayes/18577/stats?position=3B,1/28/1997,TOR
sleg941992,Aaron Slegers,Aaron Slegers ,https://www.fangraphs.com/players/aaron-slegers/15231/stats?position=P,9/4/1992,TOR
tor11242003,Abel Bastidas TOR,Abel Bastidas ,https://www.fangraphs.com/players/abel-bastidas/sa3015709/stats?position=3B/SS,11/24/2003,TOR
tor5192004,Angel Genao TOR,Angel Genao ,https://www.fangraphs.com/players/angel-genao/sa3015706/stats?position=SS,5/19/2004,TOR
volp4282001,Anthony Volpe,Anthony Volpe ,https://www.fangraphs.com/players/anthony-volpe/sa3010868/stats?position=SS,4/28/2001,TOR
phil10231998,Beau Philip,Beau Philip ,https://www.fangraphs.com/players/beau-philip/sa1169595/stats?position=SS,10/23/1998,TOR
rive191998,Blake Rivera,Blake Rivera ,https://www.fangraphs.com/players/austin-rivera/sa3008261/stats?position=P,1/9/1998,TOR
lock3141997,Brandon Lockridge,Brandon Lockridge ,https://www.fangraphs.com/players/brandon-lockridge/sa3006856/stats?position=OF,3/14/1997,TOR
davi6181996,Braxton Davidson,Braxton Davidson ,https://www.fangraphs.com/players/braxton-davidson/sa828679/stats?position=OF,6/18/1996,TOR
hern11112001,Brayan Hernandez,Brayan Hernandez ,https://www.fangraphs.com/players/brayan-hernandez/sa3015354/stats?position=C,11/11/2001,TOR
mcka12181995,Brendan McKay,Brendan McKay ,https://www.fangraphs.com/players/brendan-mckay/20186/stats?position=P,12/18/1995,TOR
litt8111996,Brendon Little,Brendon Little ,https://www.fangraphs.com/players/brendon-little/sa876266/stats?position=P,8/11/1996,TOR
adco8281995,Brett Adcock,Brett Adcock ,https://www.fangraphs.com/players/brett-adcock/sa873691/stats?position=P,8/28/1995,TOR
tuck1242002,Carson Tucker,Carson Tucker ,https://www.fangraphs.com/players/carson-tucker/sa3014470/stats?position=SS,1/24/2002,TOR
pind3161996,Chase Pinder,Chase Pinder ,https://www.fangraphs.com/players/chase-pinder/sa3003961/stats?position=OF,3/16/1996,TOR
eyk9151998,CJ Van Eyk,CJ Van Eyk ,https://www.fangraphs.com/players/cornelius-van-eyk/sa3014713/stats?position=P,9/15/1998,TOR
stob8301997,Cole Stobbe,Cole Stobbe ,https://www.fangraphs.com/players/cole-stobbe/sa917956/stats?position=3B,8/30/1997,TOR
scot1081999,Connor Scott,Connor Scott ,https://www.fangraphs.com/players/connor-scott/sa3008080/stats?position=OF,10/8/1999,TOR
burt10131995,DJ Burt,D.J. Burt ,https://www.fangraphs.com/players/dawon-burt/sa828876/stats?position=2B,10/13/1995,TOR
thom4211995,Dom Thompson-Williams,Dom Thompson-Williams ,https://www.fangraphs.com/players/dominique-thompson-williams/sa829483/stats?position=OF,4/21/1995,TOR
will7101997,Dwanya Williams-Sutton,Dwanya Williams-Sutton ,https://www.fangraphs.com/players/dwanya-williams-sutton/sa875819/stats?position=OF,7/10/1997,TOR
rodr3311998,Elvin Rodriguez,Elvin Rodriguez ,https://www.fangraphs.com/players/elvin-rodriguez/sa873437/stats?position=P,3/31/1998,TOR
germ9221997,Frank German,Frank German ,https://www.fangraphs.com/players/franklin-german/sa3007729/stats?position=P,9/22/1997,TOR
more2142000,Gabriel Moreno,Gabriel Moreno ,https://www.fangraphs.com/players/gabriel-moreno/sa3003226/stats?position=C,2/14/2000,TOR
croc6211999,Garrett Crochet,Garrett Crochet ,https://www.fangraphs.com/players/garrett-crochet/27463/stats?position=P,6/21/1999,TOR
otto3111996,Glenn Otto,Glenn Otto ,https://www.fangraphs.com/players/glenn-otto/21366/stats?position=P,3/11/1996,TOR
gamb11211997,Grant Gambrell,Grant Gambrell ,https://www.fangraphs.com/players/grant-gambrell/sa3011129/stats?position=P,11/21/1997,TOR
pere661996,Hector A Perez,Hector Perez ,https://www.fangraphs.com/players/hector-perez/18592/stats?position=P,6/6/1996,TOR
gust10121992,Jandel Gustave,Jandel Gustave ,https://www.fangraphs.com/players/jandel-gustave/14665/stats?position=P,10/12/1992,TOR
flow5191998,JC Flowers,J.C. Flowers ,https://www.fangraphs.com/players/john-flowers/sa3011493/stats?position=P,5/19/1998,TOR
meji8261996,Jean Carlos Mejia,J.C. Mejía ,https://www.fangraphs.com/players/jc-mejia/20617/stats?position=P,8/26/1996,TOR
mart3272001,Jelfry Marte,Jelfry Marte ,https://www.fangraphs.com/players/jelfry-marte/sa3006886/stats?position=SS,3/27/2001,TOR
eier9101996,Jeremy Eierman,Jeremy Eierman ,https://www.fangraphs.com/players/jeremy-eierman/sa3007005/stats?position=SS,9/10/1996,TOR
lope1051996,Jesus Lopez,Jesus Lopez ,https://www.fangraphs.com/players/jesus-lopez/sa830306/stats?position=2B/3B,10/5/1996,TOR
bowl1211996,Jonathan Bowlan,Jonathan Bowlan ,https://www.fangraphs.com/players/jonathan-bowlan/sa3006973/stats?position=P,12/1/1996,TOR
barl1231999,Jordy Barley,Jordy Barley ,https://www.fangraphs.com/players/jordy-barley/sa3004148/stats?position=SS,12/3/1999,TOR
brea1071997,Josh Breaux,Josh Breaux ,https://www.fangraphs.com/players/joshua-breaux/sa3008051/stats?position=C,10/7/1997,TOR
shaf9181992,Justin Shafer,Justin Shafer ,https://www.fangraphs.com/players/justin-shafer/16132/stats?position=P,9/18/1992,TOR
slat9151997,Justin Slaten,Justin Slaten ,https://www.fangraphs.com/players/justin-slaten/sa3010309/stats?position=P,9/15/1997,TOR
clem7271994,Kacy Clemens,Kacy Clemens ,https://www.fangraphs.com/players/kacy-clemens/sa738624/stats?position=1B,7/27/1994,TOR
polc2211999,Kaden Polcovich,Kaden Polcovich ,https://www.fangraphs.com/players/kaden-polcovich/sa3014496/stats?position=2B,2/21/1999,TOR
kauf8151997,Karl Kauffman,Karl Kauffmann ,https://www.fangraphs.com/players/karl-kauffmann/sa3014526/stats?position=P,8/15/1997,TOR
more812001,Koen Moreno,Koen Moreno ,https://www.fangraphs.com/players/koen-moreno/sa3014509/stats?position=DH,8/1/2001,TOR
brad9121996,Kyle Bradish,Kyle Bradish ,https://www.fangraphs.com/players/kyle-bradish/sa3008605/stats?position=P,9/12/1996,TOR
mcgo11271991,Kyle McGowin,Kyle McGowin ,https://www.fangraphs.com/players/kyle-mcgowin/15071/stats?position=P,11/27/1991,TOR
wrig1021995,Kyle Wright,Kyle Wright ,https://www.fangraphs.com/players/kyle-wright/19665/stats?position=P,10/2/1995,TOR
torr10152000,Lenny Torres,Lenny Torres ,https://www.fangraphs.com/players/lineras-torres/sa3008329/stats?position=P,10/15/2000,TOR
orti9221995,Luis Ortiz,Luis Ortiz ,https://www.fangraphs.com/players/luis-ortiz/16942/stats?position=P,9/22/1995,TOR
bard11131990,Luke Bard,Luke Bard ,https://www.fangraphs.com/players/luke-bard/14288/stats?position=P,11/13/1990,TOR
bake3101997,Luken Baker,Luken Baker ,https://www.fangraphs.com/players/luken-baker/sa3008267/stats?position=1B,3/10/1997,TOR
mart621999,Mason Martin,Mason Martin ,https://www.fangraphs.com/players/mason-martin/sa3004885/stats?position=1B,6/2/1999,TOR
jr.7191996,Maurice Hampton Jr.,Reece Hampton ,https://www.fangraphs.com/players/reece-hampton/sa3007055/stats?position=OF,7/19/1996,TOR
pere9261996,Mayky Perez,Mayky Perez ,https://www.fangraphs.com/players/mayky-perez/sa829767/stats?position=P,9/26/1996,TOR
bell7212000,Micah Bello,Micah Bello ,https://www.fangraphs.com/players/micah-bello/sa3006883/stats?position=OF,7/21/2000,TOR
sier1221997,Miguel Angel Sierra,Miguelangel Sierra ,https://www.fangraphs.com/players/miguelangel-sierra/sa872750/stats?position=2B/SS,12/2/1997,TOR
lope582001,Misael Lopez,Misael Lopez ,https://www.fangraphs.com/players/misael-lopez/sa3008659/stats?position=P,5/8/2001,TOR
deck1021999,Nick Decker,Nick Decker ,https://www.fangraphs.com/players/nicholas-decker/sa3008590/stats?position=OF,10/2/1999,TOR
pera4201997,Ofelky Peralta,Ofelky Peralta ,https://www.fangraphs.com/players/ofelky-peralta/sa828239/stats?position=P,4/20/1997,TOR
cabr311999,Oswaldo Cabrera,Oswaldo Cabrera ,https://www.fangraphs.com/players/oswaldo-cabrera/sa916954/stats?position=2B/3B/SS,3/1/1999,TOR
hern11111997,Ronaldo Hernandez,Ronaldo Hernández ,https://www.fangraphs.com/players/ronaldo-hernandez/sa881850/stats?position=C,11/11/1997,TOR
bann4221996,Rylan Bannon,Rylan Bannon ,https://www.fangraphs.com/players/rylan-bannon/sa3004162/stats?position=2B/3B,4/22/1996,TOR
howa351993,Sam Howard,Sam Howard ,https://www.fangraphs.com/players/sam-howard/16265/stats?position=P,3/5/1993,TOR
sasa712000,Shane Sasaki,Shane Sasaki ,https://www.fangraphs.com/players/shane-sasaki/sa3011754/stats?position=OF,7/1/2000,TOR
walk7301996,Steele Walker,Steele Walker ,https://www.fangraphs.com/players/steele-walker/sa3008306/stats?position=OF,7/30/1996,TOR
alem4121995,Stephen Alemais,Stephen Alemais ,https://www.fangraphs.com/players/stephen-alemais/sa874070/stats?position=2B/SS,4/12/1995,TOR
vavr5121997,Terrin Vavra,Terrin Vavra ,https://www.fangraphs.com/players/terrin-vavra/sa3007643/stats?position=2B/SS,5/12/1997,TOR
loce7291998,Tony Locey,Tony Locey ,https://www.fangraphs.com/players/anthony-locey/sa3011123/stats?position=P,7/29/1998,TOR
tor6102004,Victor Acosta TOR,Victor Acosta ,https://www.fangraphs.com/players/victor-acosta/sa3015705/stats?position=SS,6/10/2004,TOR
garc9161999,Victor Garcia,Victor Garcia ,https://www.fangraphs.com/players/victor-garcia/sa3003196/stats?position=OF,9/16/1999,TOR
diaz1071996,Yusniel Diaz,Yusniel Diaz ,https://www.fangraphs.com/players/yusniel-diaz/sa912848/stats?position=OF,10/7/1996,TOR
