Unique ID,Sheet Name,Fangraphs Name,Fangraphs Link,DOB,Owner
moli7131982,Yadier Molina,Yadier Molina ,https://www.fangraphs.com/players/yadier-molina/7007/stats?position=C,7/13/1982,
esco151989,Eduardo Escobar,Eduardo Escobar ,https://www.fangraphs.com/players/eduardo-escobar/6153/stats?position=3B/SS,1/5/1989,
hosm10241989,Eric Hosmer,Eric Hosmer ,https://www.fangraphs.com/players/eric-hosmer/3516/stats?position=1B,10/24/1989,
germ841992,Domingo German,Domingo Germán ,https://www.fangraphs.com/players/domingo-german/17149/stats?position=P,8/4/1992,CHC
dubo7191994,Mauricio Dubon,Mauricio Dubón ,https://www.fangraphs.com/players/mauricio-dubon/16530/stats?position=2B/OF,7/19/1994,CHC
civa6121995,Aaron Civale,Aaron Civale ,https://www.fangraphs.com/players/aaron-civale/19479/stats?position=P,6/12/1995,CHC
diaz5271996,Isan Diaz,Isan Díaz ,https://www.fangraphs.com/players/isan-diaz/17922/stats?position=2B/3B,5/27/1996,CHC
gris1111996,Trent Grisham,Trent Grisham ,https://www.fangraphs.com/players/trent-grisham/18564/stats?position=OF,11/1/1996,CHC
andu321995,Miguel Andujar,Miguel Andújar ,https://www.fangraphs.com/players/miguel-andujar/15878/stats?position=3B,3/2/1995,CHC
barn12281989,Austin Barnes,Austin Barnes ,https://www.fangraphs.com/players/austin-barnes/12158/stats?position=C,12/28/1989,CHC
hedg8181992,Austin Hedges,Austin Hedges ,https://www.fangraphs.com/players/austin-hedges/12976/stats?position=C,8/18/1992,CHC
cama12131993,Johan Camargo,Johan Camargo ,https://www.fangraphs.com/players/johan-camargo/14950/stats?position=3B,12/13/1993,CHC
barr5231990,Kyle Barraclough,Kyle Barraclough ,https://www.fangraphs.com/players/kyle-barraclough/13713/stats?position=P,5/23/1990,CHC
bowm5311991,Matthew Bowman,Matt Bowman ,https://www.fangraphs.com/players/matt-bowman/13528/stats?position=P,5/31/1991,CHC
mont10171990,Rafael Montero,Rafael Montero ,https://www.fangraphs.com/players/rafael-montero/12760/stats?position=P,10/17/1990,CHC
reyn1271995,Bryan Reynolds,Bryan Reynolds ,https://www.fangraphs.com/players/bryan-reynolds/19326/stats?position=OF,1/27/1995,CHC
padd181996,Chris Paddack,Chris Paddack ,https://www.fangraphs.com/players/chris-paddack/20099/stats?position=P,1/8/1996,CHC
paga571991,Emilio Pagan,Emilio Pagán ,https://www.fangraphs.com/players/emilio-pagan/14771/stats?position=P,5/7/1991,CHC
flor861991,Wilmer Flores,Wilmer Flores ,https://www.fangraphs.com/players/wilmer-flores/5827/stats?position=1B/2B/3B,8/6/1991,CHC
hick1021989,Aaron Hicks,Aaron Hicks ,https://www.fangraphs.com/players/aaron-hicks/5297/stats?position=OF,10/2/1989,CHC
kimb5281988,Craig Kimbrel,Craig Kimbrel ,https://www.fangraphs.com/players/craig-kimbrel/6655/stats?position=P,5/28/1988,CHC
carr3211987,Carlos Carrasco,Carlos Carrasco ,https://www.fangraphs.com/players/carlos-carrasco/6632/stats?position=P,3/21/1987,CHC
boga1011992,Xander Bogaerts,Xander Bogaerts ,https://www.fangraphs.com/players/xander-bogaerts/12161/stats?position=SS,10/1/1992,CHC
smit261996,Pavin Smith,Pavin Smith ,https://www.fangraphs.com/players/pavin-smith/19892/stats?position=1B/OF,2/6/1996,CHC
guti10311999,Abrahan Gutierrez,Abrahan Gutierrez ,https://www.fangraphs.com/players/abrahan-gutierrez/sa3004263/stats?position=C,10/31/1999,CHC
klof8252000,Adam Kloffenstein,Adam Kloffenstein ,https://www.fangraphs.com/players/adam-kloffenstein/sa3008578/stats?position=P,8/25/2000,CHC
scot10101995,Adam Scott,Adam Scott ,https://www.fangraphs.com/players/adam-scott/sa3006826/stats?position=P,10/10/1995,CHC
burl11251998,Alec Burleson,Alec Burleson ,https://www.fangraphs.com/players/alec-burleson/sa3014466/stats?position=OF,11/25/1998,CHC
mars5141998,Alec Marsh,Alec Marsh ,https://www.fangraphs.com/players/alec-marsh/sa1159950/stats?position=P,5/14/1998,CHC
thom4282000,Alek Thomas,Alek Thomas ,https://www.fangraphs.com/players/alek-thomas/sa3006892/stats?position=OF,4/28/2000,CHC
torr12121997,Alexis Torres,Alexis Torres ,https://www.fangraphs.com/players/alexis-torres/sa918010/stats?position=2B,12/12/1997,CHC
seij10101998,Alvaro Seijas,Alvaro Seijas ,https://www.fangraphs.com/players/alvaro-seijas/sa861440/stats?position=P,10/10/1998,CHC
chc1212003,Ariel Almonte CHC,Ariel Almonte ,https://www.fangraphs.com/players/ariel-almonte/sa3015708/stats?position=OF,12/1/2003,CHC
chc3231993,Art Warren CHC,Art Warren ,https://www.fangraphs.com/players/art-warren/18251/stats?position=P,3/23/1993,CHC
bray4281994,Ben Braymer,Ben Braymer ,https://www.fangraphs.com/players/ben-braymer/20175/stats?position=P,4/28/1994,CHC
sous461995,Bennett Sousa,Bennett Sousa ,https://www.fangraphs.com/players/john-sousa/sa913181/stats?position=P,4/6/1995,CHC
knig6281996,Blaine Knight,Blaine Knight ,https://www.fangraphs.com/players/blaine-knight/sa3008532/stats?position=P,6/28/1996,CHC
will421998,Brandon Williamson,Brandon Williamson ,https://www.fangraphs.com/players/brandon-williamson/sa3011494/stats?position=P,4/2/1998,CHC
buel682002,Brayan Buelvas,Brayan Buelvas ,https://www.fangraphs.com/players/brayan-buelvas/sa3008868/stats?position=OF,6/8/2002,CHC
geus1141997,Brett de Geus,Brett de Geus ,https://www.fangraphs.com/players/brett-de-geus/23592/stats?position=P,11/4/1997,CHC
netz641996,Brett Netzer,Brett Netzer ,https://www.fangraphs.com/players/brett-netzer/sa3004804/stats?position=2B,6/4/1996,CHC
rinc10141997,Carlos Rincon,Carlos Rincon ,https://www.fangraphs.com/players/carlos-rincon/sa917319/stats?position=OF,10/14/1997,CHC
schm311999,Casey Schmitt,Casey Schmitt ,https://www.fangraphs.com/players/casey-schmitt/sa3014484/stats?position=3B,3/1/1999,CHC
trom3211995,Chadwick Tromp,Chadwick Tromp ,https://www.fangraphs.com/players/chadwick-tromp/16953/stats?position=C,3/21/1995,CHC
mokm2112001,Chris Mokma,Chris Mokma ,https://www.fangraphs.com/players/christopher-mokma/sa3011750/stats?position=P,2/11/2001,CHC
hern12132003,Christian Hernandez,Cristian Hernandez ,https://www.fangraphs.com/players/cristian-hernandez/sa3015696/stats?position=SS,12/13/2003,CHC
mayo12102001,Coby Mayo,Coby Mayo ,https://www.fangraphs.com/players/coby-mayo/sa3014479/stats?position=3B,12/10/2001,CHC
brog1291995,Connor Brogdon,Connor Brogdon ,https://www.fangraphs.com/players/connor-brogdon/21205/stats?position=P,1/29/1995,CHC
file641996,Dylan File,Dylan File ,https://www.fangraphs.com/players/dylan-file/sa3004197/stats?position=P,6/4/1996,CHC
aria2272000,Gabriel Arias,Gabriel Arias ,https://www.fangraphs.com/players/gabriel-arias/sa3004047/stats?position=SS,2/27/2000,CHC
kirb241998,George Kirby,George Kirby ,https://www.fangraphs.com/players/george-kirby/sa3011526/stats?position=P,2/4/1998,CHC
jani1271996,Greyson Janista,Greyson Jenista ,https://www.fangraphs.com/players/greyson-jenista/sa3007044/stats?position=OF,12/7/1996,CHC
kjer2121999,Heston Kjerstad,Heston Kjerstad ,https://www.fangraphs.com/players/heston-kjerstad/sa3014439/stats?position=DH,2/12/1999,CHC
gadd491998,Hunter Gaddis,Hunter Gaddis ,https://www.fangraphs.com/players/hunter-gaddis/sa3010621/stats?position=P,4/9/1998,CHC
lewi242003,Ian Lewis,Ian Lewis ,https://www.fangraphs.com/players/ian-lewis/sa3014691/stats?position=2B,2/4/2003,CHC
mill12191996,Jalen Miller,Jalen Miller ,https://www.fangraphs.com/players/jalen-miller/sa875016/stats?position=2B,12/19/1996,CHC
domi272003,Jasson Dominguez,Jasson Dominguez ,https://www.fangraphs.com/players/jasson-dominguez/sa3014696/stats?position=OF,2/7/2003,CHC
herg991993,Jimmy Herget,Jimmy Herget ,https://www.fangraphs.com/players/jimmy-herget/17556/stats?position=P,9/9/1993,CHC
bled11101997,JJ Bleday,JJ Bleday ,https://www.fangraphs.com/players/jeffrey-bleday/sa3011642/stats?position=OF,11/10/1997,CHC
gerb531997,Joey Gerber,Joey Gerber ,https://www.fangraphs.com/players/joey-gerber/24591/stats?position=P,5/3/1997,CHC
chc1271998,John McMillan CHC,John McMillon ,https://www.fangraphs.com/players/john-mcmillon/sa3015344/stats?position=P,1/27/1998,CHC
roon1281997,John Rooney,John Rooney ,https://www.fangraphs.com/players/john-rooney/sa3008417/stats?position=P,1/28/1997,CHC
torr841995,Jojanse Torres,Jojanse Torres ,https://www.fangraphs.com/players/jojanse-torres/sa3006955/stats?position=P,8/4/1995,CHC
honz6131999,Jonny Honza,Jonny Homza ,https://www.fangraphs.com/players/jonathan-homza/sa3004155/stats?position=C/3B,6/13/1999,CHC
ona12311996,Jorge Ona,Jorge Oña ,https://www.fangraphs.com/players/jorge-ona/20040/stats?position=DH,12/31/1996,CHC
pena12242002,Jose Pena,Jose Pena ,https://www.fangraphs.com/players/jose-pena/sa3015630/stats?position=OF,12/24/2002,CHC
ginn5201999,JT Ginn,J.T. Ginn ,https://www.fangraphs.com/players/john-ginn/sa3014428/stats?position=P,5/20/1999,CHC
,Junior Sanchez,,,,CHC
pilk9121997,Konnor Pilkington,Konnor Pilkington ,https://www.fangraphs.com/players/konnor-pilkington/sa3008371/stats?position=P,9/12/1997,CHC
butl7102000,Lawrence Butler,Lawrence Butler ,https://www.fangraphs.com/players/lawrence-butler/sa3006873/stats?position=1B/OF,7/10/2000,CHC
alle951998,Logan Taylor Allen,Logan Allen ,https://www.fangraphs.com/players/logan-allen/sa3014444/stats?position=P,9/5/1998,CHC
wyat11151997,Logan Wyatt,Logan Wyatt ,https://www.fangraphs.com/players/logan-wyatt/sa3011259/stats?position=1B,11/15/1997,CHC
herb11281996,Lucas Herbert,Lucas Herbert ,https://www.fangraphs.com/players/lucas-herbert/sa874793/stats?position=C,11/28/1996,CHC
camp9291998,Luis Campusano,Luis Campusano ,https://www.fangraphs.com/players/luis-campusano/22217/stats?position=C,9/29/1998,CHC
belt692004,Manuel Beltre,Manuel Beltre ,https://www.fangraphs.com/players/manuel-beltre/sa3015710/stats?position=SS,6/9/2004,CHC
hick12231998,Mason Hickman,Mason Hickman ,https://www.fangraphs.com/players/mason-hickman/sa3015033/stats?position=P,12/23/1998,CHC
leon1141997,Michael De Leon,Michael De León ,https://www.fangraphs.com/players/michael-de-leon/sa823925/stats?position=SS,1/14/1997,CHC
harr372001,Michael Harris,Michael Harris II ,https://www.fangraphs.com/players/michael-harris/sa3010684/stats?position=OF,3/7/2001,CHC
helm5231996,Michael Helman,Michael Helman ,https://www.fangraphs.com/players/michael-helman/sa3008280/stats?position=2B/OF,5/23/1996,CHC
york422002,Nick Yorke,Nick Yorke ,https://www.fangraphs.com/players/nicholas-yorke/sa3014546/stats?position=2B,4/2/2002,CHC
mart10162001,Noelvi Marte,Noelvi Marte ,https://www.fangraphs.com/players/noelvi-marte/sa3008745/stats?position=SS,10/16/2001,CHC
gorm5102000,Nolan Gorman,Nolan Gorman ,https://www.fangraphs.com/players/nolan-gorman/sa3007017/stats?position=2B/3B,5/10/2000,CHC
mart11192001,Orelvis Martinez,Orelvis Martinez ,https://www.fangraphs.com/players/orelvis-martinez/sa3010692/stats?position=SS,11/19/2001,CHC
solo8161996,Peter Solomon,Peter Solomon ,https://www.fangraphs.com/players/peter-solomon/20476/stats?position=P,8/16/1996,CHC
burd2261997,Peyton Burdick,Peyton Burdick ,https://www.fangraphs.com/players/edmund-burdick/sa3009876/stats?position=OF,2/26/1997,CHC
delg442000,Raynel Delgado,Raynel Delgado ,https://www.fangraphs.com/players/raynel-delgado/sa3007288/stats?position=2B/3B,4/4/2000,CHC
uren2261996,Richard Urena,Richard Ureña ,https://www.fangraphs.com/players/richard-urena/16411/stats?position=2B/SS,2/26/1996,CHC
thom791996,Riley Thompson,Riley Thompson ,https://www.fangraphs.com/players/benjamin-thompson/sa876287/stats?position=P,7/9/1996,CHC
freu761997,RJ Freure,R.J. Freure ,https://www.fangraphs.com/players/richard-freure/sa3008159/stats?position=P,7/6/1997,CHC
quin262003,Rouismar Quintana,Roismar Quintana ,https://www.fangraphs.com/players/roismar-quintana/sa3014718/stats?position=OF,2/6/2003,CHC
sher5251990,Ryan Sherriff,Ryan Sherriff ,https://www.fangraphs.com/players/ryan-sherriff/12249/stats?position=P,5/25/1990,CHC
chc7152004,Samuel Zavala CHC,Samuel Zavala ,https://www.fangraphs.com/players/samuel-zavala/sa3015718/stats?position=OF,7/15/2004,CHC
howa7281996,Spencer Howard,Spencer Howard ,https://www.fangraphs.com/players/spencer-howard/23252/stats?position=P,7/28/1996,CHC
cric2291992,Stefan Crichton,Stefan Crichton ,https://www.fangraphs.com/players/stefan-crichton/16058/stats?position=P,2/29/1992,CHC
fuen541997,Steven Fuentes,Steven Fuentes ,https://www.fangraphs.com/players/steven-fuentes/sa828326/stats?position=P,5/4/1997,CHC
burn12281998,Tanner Burns,Tanner Burns ,https://www.fangraphs.com/players/lowell-burns/sa3014451/stats?position=P,12/28/1998,CHC
zeuc811995,TJ Zeuch,T.J. Zeuch ,https://www.fangraphs.com/players/tj-zeuch/19269/stats?position=P,8/1/1995,CHC
henr7291997,Tommy Henry,Tommy Henry ,https://www.fangraphs.com/players/thomas-henry/sa3011673/stats?position=P,7/29/1997,CHC
berg1081993,Travis Bergen,Travis Bergen ,https://www.fangraphs.com/players/travis-bergen/18581/stats?position=P,10/8/1993,CHC
marc9161999,Tucupita Marcano,Tucupita Marcano ,https://www.fangraphs.com/players/tucupita-marcano/22871/stats?position=2B/OF,9/16/1999,CHC
gonz11161995,Victor Gonzalez,Victor González ,https://www.fangraphs.com/players/victor-gonzalez/16408/stats?position=P,11/16/1995,CHC
toff12311994,Will Toffey,Will Toffey ,https://www.fangraphs.com/players/william-toffey/sa829401/stats?position=3B,12/31/1994,CHC
drur8211992,Brandon Drury,Brandon Drury ,https://www.fangraphs.com/players/brandon-drury/11615/stats?position=2B/3B/OF,8/21/1992,
arci841994,Orlando Arcia,Orlando Arcia ,https://www.fangraphs.com/players/orlando-arcia/13185/stats?position=SS,8/4/1994,
happ10191982,JA Happ,J.A. Happ ,https://www.fangraphs.com/players/ja-happ/7410/stats?position=P,10/19/1982,
akiy4161988,Shogo Akiyama,Shogo Akiyama ,https://www.fangraphs.com/players/shogo-akiyama/27461/stats?position=OF,4/16/1988,
mart12221994,Richie Martin,Richie Martin ,https://www.fangraphs.com/players/richie-martin/17736/stats?position=SS,12/22/1994,CIN
newb11201994,Jake Newberry,Jake Newberry ,https://www.fangraphs.com/players/jake-newberry/15136/stats?position=P,11/20/1994,CIN
ande10291994,Shaun Anderson,Shaun Anderson ,https://www.fangraphs.com/players/shaun-anderson/19453/stats?position=P,10/29/1994,CIN
oswa931993,Corey Oswalt,Corey Oswalt ,https://www.fangraphs.com/players/corey-oswalt/13677/stats?position=P,9/3/1993,CIN
barr7181996,Jaime Barria,Jaime Barría ,https://www.fangraphs.com/players/jaime-barria/18356/stats?position=P,7/18/1996,CIN
orte5151991,Rafael Ortega,Rafael Ortega ,https://www.fangraphs.com/players/rafael-ortega/10323/stats?position=OF,5/15/1991,CIN
will7211991,Taylor Williams,Taylor Williams ,https://www.fangraphs.com/players/taylor-williams/14899/stats?position=P,7/21/1991,CIN
difo421992,Wilmer Difo,Wilmer Difo ,https://www.fangraphs.com/players/wilmer-difo/14320/stats?position=2B/SS,4/2/1992,CIN
eick721990,Jerad Eickhoff,Jerad Eickhoff ,https://www.fangraphs.com/players/jerad-eickhoff/12664/stats?position=P,7/2/1990,CIN
rami12221989,Noe Ramirez,Noé Ramirez ,https://www.fangraphs.com/players/noe-ramirez/12800/stats?position=P,12/22/1989,CIN
camp7261995,Paul Campbell,Paul Campbell ,https://www.fangraphs.com/players/paul-campbell/22248/stats?position=P,7/26/1995,CIN
voge12171992,Dan Vogelbach,Daniel Vogelbach ,https://www.fangraphs.com/players/daniel-vogelbach/14130/stats?position=1B/DH,12/17/1992,CIN
tayl8291990,Chris Taylor,Chris Taylor ,https://www.fangraphs.com/players/chris-taylor/13757/stats?position=SS/OF,8/29/1990,CIN
bumg811989,Madison Bumgarner,Madison Bumgarner ,https://www.fangraphs.com/players/madison-bumgarner/5524/stats?position=P,8/1/1989,CIN
ovie321998,Johan Oviedo,Johan Oviedo ,https://www.fangraphs.com/players/johan-oviedo/22487/stats?position=P,3/2/1998,CIN
jr.111994,Lamonte Wade Jr.,LaMonte Wade Jr. ,https://www.fangraphs.com/players/lamonte-wade-jr/18126/stats?position=OF,1/1/1994,CIN
step8161996,Tyler Stephenson,Tyler Stephenson ,https://www.fangraphs.com/players/tyler-stephenson/17988/stats?position=C,8/16/1996,CIN
alva561989,Jose Alvarez,José Álvarez ,https://www.fangraphs.com/players/jose-alvarez/5358/stats?position=P,5/6/1989,CIN
lope551996,Alejo Lopez,Alejo Lopez ,https://www.fangraphs.com/players/alejo-lopez/21127/stats?position=2B/3B/OF,5/5/1996,CIN
warr551996,Austin Warren,Austin Warren ,https://www.fangraphs.com/players/austin-warren/24937/stats?position=P,5/5/1996,CIN
mant311991,Joe Mantiply,Joe Mantiply ,https://www.fangraphs.com/players/joe-mantiply/14857/stats?position=P,3/1/1991,CIN
farg11151994,Johneshwy Fargas,Johneshwy Fargas ,https://www.fangraphs.com/players/johneshwy-fargas/16446/stats?position=OF,11/15/1994,CIN
rodr861996,Manuel Rodriguez,Manuel Rodríguez ,https://www.fangraphs.com/players/manuel-rodriguez/20794/stats?position=P,8/6/1996,CIN
clay6211993,Sam Clay,Sam Clay ,https://www.fangraphs.com/players/sam-clay/16279/stats?position=P,6/21/1993,CIN
tice741996,Ty Tice,Ty Tice ,https://www.fangraphs.com/players/ty-tice/20177/stats?position=P,7/4/1996,CIN
pozo6141997,Yohel Pozo,Yohel Pozo ,https://www.fangraphs.com/players/yohel-pozo/18848/stats?position=DH,6/14/1997,CIN
bell851991,Andrew Bellatti,Andrew Bellatti ,https://www.fangraphs.com/players/andrew-bellatti/10657/stats?position=P,8/5/1991,CIN
seig6201999,Anthony Seigler,Anthony Seigler ,https://www.fangraphs.com/players/anthony-seigler/sa3006894/stats?position=C,6/20/1999,CIN
serv3111999,Anthony Servideo,Anthony Servideo ,https://www.fangraphs.com/players/anthony-servideo/sa3014472/stats?position=2B,3/11/1999,CIN
cin1162004,Armando Cruz CIN,Armando Cruz ,https://www.fangraphs.com/players/armando-cruz/sa3015695/stats?position=SS,1/16/2004,CIN
fran4221996,Bowden Francis,Bowden Francis ,https://www.fangraphs.com/players/bowden-francis/sa918451/stats?position=P,4/22/1996,CIN
wiec10241991,Brad Wieck,Brad Wieck ,https://www.fangraphs.com/players/brad-wieck/16390/stats?position=P,10/24/1991,CIN
davi7281997,Brendon Davis,Brendon Davis ,https://www.fangraphs.com/players/brendon-davis/sa875089/stats?position=3B/SS,7/28/1997,CIN
rodr1272000,Carlos David Rodriguez,Carlos Rodriguez ,https://www.fangraphs.com/players/carlos-rodriguez/sa3005478/stats?position=OF,12/7/2000,CIN
more6241999,Christopher Morel,Christopher Morel ,https://www.fangraphs.com/players/christopher-morel/sa3003171/stats?position=3B/SS,6/24/1999,CIN
deas12261996,Cody Deason,Cody Deason ,https://www.fangraphs.com/players/cody-deason/sa3007958/stats?position=P,12/26/1996,CIN
pote7301994,Cody Poteet,Cody Poteet ,https://www.fangraphs.com/players/cody-poteet/18769/stats?position=P,7/30/1994,CIN
flet921997,Dominic Fletcher,Dominic Fletcher ,https://www.fangraphs.com/players/dominic-fletcher/sa1115778/stats?position=OF,9/2/1997,CIN
moun3241996,Drew Mount,Drew Mount ,https://www.fangraphs.com/players/drew-mount/sa3006728/stats?position=OF,3/24/1996,CIN
garn8131987,Dustin Garneau,Dustin Garneau ,https://www.fangraphs.com/players/dustin-garneau/9433/stats?position=C,8/13/1987,CIN
rios4211994,Edwin Rios,Edwin Ríos ,https://www.fangraphs.com/players/edwin-rios/18316/stats?position=1B/3B,4/21/1994,CIN
ucet191998,Edwin Uceta,Edwin Uceta ,https://www.fangraphs.com/players/edwin-uceta/20539/stats?position=P,1/9/1998,CIN
hern11211994,Elier Hernandez,Elier Hernandez ,https://www.fangraphs.com/players/elier-hernandez/sa659238/stats?position=OF,11/21/1994,CIN
plac12312001,Erinson Placencia,Erison Placencia ,https://www.fangraphs.com/players/erison-placencia/sa3011669/stats?position=2B/SS,12/31/2001,CIN
edwa6211997,Evan Edwards,Evan Edwards ,https://www.fangraphs.com/players/daniel-edwards/sa3009866/stats?position=1B,6/21/1997,CIN
cin172004,Fran Alduey CIN,Fran Alduey ,https://www.fangraphs.com/players/fran-alduey/sa3015707/stats?position=SS,1/7/2004,CIN
kess8251997,Grae Kessinger,Grae Kessinger ,https://www.fangraphs.com/players/graeber-kessinger/sa3010327/stats?position=2B/SS,8/25/1997,CIN
cull11131996,Greg Cullen,Greg Cullen ,https://www.fangraphs.com/players/greg-cullen/sa3007069/stats?position=2B,11/13/1996,CIN
owen9221993,Hunter Owen,Hunter Owen ,https://www.fangraphs.com/players/hunter-owen/20034/stats?position=OF,9/22/1993,CIN
heyw811995,Jacob Heyward,Jacob Heyward ,https://www.fangraphs.com/players/jacob-heyward/sa738955/stats?position=OF,8/1/1995,CIN
hoyt9301986,James Hoyt,James Hoyt ,https://www.fangraphs.com/players/james-hoyt/14605/stats?position=P,9/30/1986,CIN
fole1111995,Jason Foley,Jason Foley ,https://www.fangraphs.com/players/jason-foley/19531/stats?position=P,11/1/1995,CIN
orr9111996,JD Orr,J.D. Orr ,https://www.fangraphs.com/players/jarrod-orr/sa3009875/stats?position=OF,9/11/1996,CIN
cin12192003,Jesus Galiz CIN,Jesus Galiz ,https://www.fangraphs.com/players/jesus-galiz/sa3015700/stats?position=C,12/19/2003,CIN
doxa8201998,John Doxakis,John Doxakis ,https://www.fangraphs.com/players/john-doxakis/sa1115967/stats?position=P,8/20/1998,CIN
ferm3291999,Jose Fermin,Jose Fermin ,https://www.fangraphs.com/players/jose-fermin/sa917339/stats?position=2B/SS,3/29/1999,CIN
godo10131994,Jose Godoy,José Godoy ,https://www.fangraphs.com/players/jose-godoy/15808/stats?position=C,10/13/1994,CIN
grah10141993,Josh Graham,Josh Graham ,https://www.fangraphs.com/players/joshua-graham/sa658525/stats?position=P,10/14/1993,CIN
dean1261996,Justin Dean,Justin Dean ,https://www.fangraphs.com/players/justin-dean/sa3007070/stats?position=OF,12/6/1996,CIN
tom5241994,Ka'Ai Tom,Ka'ai Tom ,https://www.fangraphs.com/players/kaai-tom/18136/stats?position=OF,5/24/1994,CIN
stra4251997,Kellen Strahm,Kellen Strahm ,https://www.fangraphs.com/players/kellen-strahm/sa3010278/stats?position=OF,4/25/1997,CIN
mait2122000,Kevin Maitan,Kevin Maitan ,https://www.fangraphs.com/players/kevin-maitan/sa969045/stats?position=3B,2/12/2000,CIN
knac7151997,Landon Knack,Landon Knack ,https://www.fangraphs.com/players/landon-knack/sa3014518/stats?position=P,7/15/1997,CIN
sanc4231999,Lolo Sanchez,Lolo Sanchez ,https://www.fangraphs.com/players/kevin-sanchez/sa917767/stats?position=OF,4/23/1999,CIN
head4231990,Louis Head,Louis Head ,https://www.fangraphs.com/players/louis-head/13259/stats?position=P,4/23/1990,CIN
fox721997,Lucius Fox,Lucius Fox ,https://www.fangraphs.com/players/lucius-fox/sa914200/stats?position=SS,7/2/1997,CIN
guil9271994,Luis Guillorme,Luis Guillorme ,https://www.fangraphs.com/players/luis-guillorme/16451/stats?position=2B/3B,9/27/1994,CIN
raya872002,Marco Raya,Marco Raya ,https://www.fangraphs.com/players/marco-raya/sa3014550/stats?position=DH,8/7/2002,CIN
wils8151996,Marcus Wilson,Marcus Wilson ,https://www.fangraphs.com/players/marcus-wilson/sa828703/stats?position=OF,8/15/1996,CIN
payt1271991,Mark Payton,Mark Payton ,https://www.fangraphs.com/players/mark-payton/16042/stats?position=OF,12/7/1991,CIN
mcco3311995,Mason McCoy,Mason McCoy ,https://www.fangraphs.com/players/mason-mccoy/sa3002758/stats?position=SS,3/31/1995,CIN
fris11181996,Matt Frisbee,Matt Frisbee ,https://www.fangraphs.com/players/matt-frisbee/sa3006801/stats?position=P,11/18/1996,CIN
geor471996,Max George,Max George ,https://www.fangraphs.com/players/max-george/sa829010/stats?position=2B,4/7/1996,CIN
agui9261991,Miguel Aguilar,Miguel Aguilar ,https://www.fangraphs.com/players/miguel-aguilar/19246/stats?position=P,9/26/1991,CIN
york2241996,Mikey York,Mikey York ,https://www.fangraphs.com/players/michael-york/sa918008/stats?position=P,2/24/1996,CIN
cin1071996,Nick Mears CIN,Nick Mears ,https://www.fangraphs.com/players/nick-mears/25376/stats?position=P,10/7/1996,CIN
swin2121999,Nick Swiney,Nick Swiney ,https://www.fangraphs.com/players/nicholas-swiney/sa3014542/stats?position=P,2/12/1999,CIN
mcma711996,Pearson McMahan,Pearson McMahan ,https://www.fangraphs.com/players/pearson-mcmahan/sa918461/stats?position=P,7/1/1996,CIN
guil7271987,Preston Guilmet,Preston Guilmet ,https://www.fangraphs.com/players/preston-guilmet/7303/stats?position=P,7/27/1987,CIN
more11222001,Rafael Morel,Rafael Morel ,https://www.fangraphs.com/players/rafael-morel/sa3009534/stats?position=3B/SS,11/22/2001,CIN
jr.461994,Ralph Garza Jr.,Ralph Garza Jr. ,https://www.fangraphs.com/players/ralph-garza/17682/stats?position=P,4/6/1994,CIN
gudu3161992,Reymin Guduan,Reymin Guduan ,https://www.fangraphs.com/players/reymin-guduan/13058/stats?position=P,3/16/1992,CIN
cast1232003,Rikelbin de Castro,Rikelbin De Castro ,https://www.fangraphs.com/players/rikelbin-de-castro/sa3014714/stats?position=SS,1/23/2003,CIN
alan6141991,RJ Alaniz,R.J. Alaniz ,https://www.fangraphs.com/players/rj-alaniz/10819/stats?position=P,6/14/1991,CIN
duns2121995,RV Parker Dunshee,Parker Dunshee ,https://www.fangraphs.com/players/parker-dunshee/sa873274/stats?position=P,2/12/1995,CIN
o'br261995,RV Riley O'Brien,Riley O'Brien ,https://www.fangraphs.com/players/riley-obrien/20348/stats?position=P,2/6/1995,CIN
mill7291995,RVR1 Tyson Miller,Tyson Miller ,https://www.fangraphs.com/players/tyson-miller/19976/stats?position=P,7/29/1995,CIN
eade12151991,Ryan Eades,Ryan Eades ,https://www.fangraphs.com/players/ryan-eades/14808/stats?position=P,12/15/1991,CIN
beer9181996,Seth Beer,Seth Beer ,https://www.fangraphs.com/players/seth-beer/20493/stats?position=1B/DH,9/18/1996,CIN
brac7171992,Silvino Bracho,Silvino Bracho ,https://www.fangraphs.com/players/silvino-bracho/15051/stats?position=P,7/17/1992,CIN
tork8261999,Spencer Torkelson,Spencer Torkelson ,https://www.fangraphs.com/players/spencer-torkelson/sa3014504/stats?position=1B/3B,8/26/1999,CIN
kole4181997,Stephen Kolek,Stephen Kolek ,https://www.fangraphs.com/players/stephen-kolek/sa3007990/stats?position=P,4/18/1997,CIN
math291994,Tate Matheny,Tate Matheny ,https://www.fangraphs.com/players/michael-matheny/sa658567/stats?position=OF,2/9/1994,CIN
wall7101996,Taylor Walls,Taylor Walls ,https://www.fangraphs.com/players/taylor-walls/22458/stats?position=SS,7/10/1996,CIN
dill8281997,Thomas Dillard,Thomas Dillard ,https://www.fangraphs.com/players/thomas-dillard/sa3011308/stats?position=1B,8/28/1997,CIN
hauv11201998,Trevor Hauver,Trevor Hauver ,https://www.fangraphs.com/players/trevor-hauver/sa3014448/stats?position=2B,11/20/1998,CIN
engl5141997,Tristin English,Tristin English ,https://www.fangraphs.com/players/tristin-english/sa876328/stats?position=3B/OF,5/14/1997,CIN
pena11222000,Viandel Pena,Viandel Pena ,https://www.fangraphs.com/players/viandel-pena/sa3005775/stats?position=2B/SS,11/22/2000,CIN
tova8111991,Wilfredo Tovar,Wilfredo Tovar ,https://www.fangraphs.com/players/wilfredo-tovar/10416/stats?position=SS,8/11/1991,CIN
cin1282003,Yeison Morrobel CIN,Yeison Morrobel ,https://www.fangraphs.com/players/yeison-morrobel/sa3015720/stats?position=OF,12/8/2003,CIN
gudi1171997,Yeltsin Gudino,Yeltsin Gudino ,https://www.fangraphs.com/players/yeltsin-gudino/sa830208/stats?position=2B/SS,1/17/1997,CIN
hern541998,Yonny Hernandez,Yonny Hernandez ,https://www.fangraphs.com/players/yonny-hernandez/19432/stats?position=3B,5/4/1998,CIN
dani1231999,Zach Daniels,Zach Daniels ,https://www.fangraphs.com/players/zachary-daniels/sa3014935/stats?position=OF,1/23/1999,CIN
delo8181998,Zach DeLoach,Zach DeLoach ,https://www.fangraphs.com/players/zachary-deloach/sa3014547/stats?position=OF,8/18/1998,CIN
brow12151994,Zack Brown,Zack Brown ,https://www.fangraphs.com/players/zachery-brown/sa738901/stats?position=P,12/15/1994,CIN
warr181999,Zavier Warren,Zavier Warren ,https://www.fangraphs.com/players/zavier-warren/sa3014549/stats?position=C/1B/3B,1/8/1999,CIN
bann992001,Zion Bannister,Zion Bannister ,https://www.fangraphs.com/players/zion-bannister/sa3011828/stats?position=OF,9/9/2001,CIN
romi11221988,Austin Romine,Austin Romine ,https://www.fangraphs.com/players/austin-romine/5491/stats?position=C,11/22/1988,
plaw2261991,Kevin Plawecki,Kevin Plawecki ,https://www.fangraphs.com/players/kevin-plawecki/13807/stats?position=C,2/26/1991,
rose5291990,Trevor Rosenthal,Trevor Rosenthal ,https://www.fangraphs.com/players/trevor-rosenthal/10745/stats?position=P,5/29/1990,
sant10161991,Edgar Santana,Edgar Santana ,https://www.fangraphs.com/players/edgar-santana/17355/stats?position=P,10/16/1991,MIL
cann5111996,Griffin Canning,Griffin Canning ,https://www.fangraphs.com/players/griffin-canning/19867/stats?position=P,5/11/1996,MIL
rodr7261993,Jefry Rodriguez,Jefry Rodriguez ,https://www.fangraphs.com/players/jefry-rodriguez/17018/stats?position=P,7/26/1993,MIL
arms9111990,Shawn Armstrong,Shawn Armstrong ,https://www.fangraphs.com/players/shawn-armstrong/12857/stats?position=P,9/11/1990,MIL
smit4121990,Burch Smith,Burch Smith ,https://www.fangraphs.com/players/burch-smith/12784/stats?position=P,4/12/1990,MIL
brau4291992,Steven Brault,Steven Brault ,https://www.fangraphs.com/players/steven-brault/15291/stats?position=P,4/29/1992,MIL
osun12121992,Jose Osuna,José Osuna ,https://www.fangraphs.com/players/jose-osuna/12937/stats?position=1B/OF,12/12/1992,MIL
hamp10101994,Garrett Hampson,Garrett Hampson ,https://www.fangraphs.com/players/garrett-hampson/19262/stats?position=2B/OF,10/10/1994,MIL
slat12131992,Austin Slater,Austin Slater ,https://www.fangraphs.com/players/austin-slater/16153/stats?position=OF,12/13/1992,MIL
robe491985,David Robertson,David Robertson ,https://www.fangraphs.com/players/david-robertson/8241/stats?position=P,4/9/1985,MIL
gile9201990,Ken Giles,Ken Giles ,https://www.fangraphs.com/players/ken-giles/12910/stats?position=P,9/20/1990,MIL
kepl2101993,Max Kepler,Max Kepler ,https://www.fangraphs.com/players/max-kepler/12144/stats?position=OF,2/10/1993,MIL
odor231994,Rougned Odor,Rougned Odor ,https://www.fangraphs.com/players/rougned-odor/12282/stats?position=2B,2/3/1994,MIL
folt1071991,Mike Foltynewicz,Mike Foltynewicz ,https://www.fangraphs.com/players/mike-foltynewicz/10811/stats?position=P,10/7/1991,MIL
mino12261987,Mike Minor,Mike Minor ,https://www.fangraphs.com/players/mike-minor/10021/stats?position=P,12/26/1987,MIL
puig1271990,Yasiel Puig,Yasiel Puig ,https://www.fangraphs.com/players/yasiel-puig/14225/stats?position=OF,12/7/1990,MIL
cole981990,Gerrit Cole,Gerrit Cole ,https://www.fangraphs.com/players/gerrit-cole/13125/stats?position=P,9/8/1990,MIL
mach761992,Manny Machado,Manny Machado ,https://www.fangraphs.com/players/manny-machado/11493/stats?position=3B,7/6/1992,MIL
whit6261994,Eli White,Eli White ,https://www.fangraphs.com/players/eli-white/19346/stats?position=OF,6/26/1994,MIL
evan9101992,Phillip Evans,Phillip Evans ,https://www.fangraphs.com/players/phillip-evans/12950/stats?position=3B/OF,9/10/1992,MIL
jeff631997,Ryan Jeffers,Ryan Jeffers ,https://www.fangraphs.com/players/ryan-jeffers/24618/stats?position=C,6/3/1997,MIL
craw1111995,JP Crawford,J.P. Crawford ,https://www.fangraphs.com/players/jp-crawford/15491/stats?position=SS,1/11/1995,MIL
bade631994,Harrison Bader,Harrison Bader ,https://www.fangraphs.com/players/harrison-bader/18030/stats?position=OF,6/3/1994,MIL
cast6181987,Jason Castro,Jason Castro ,https://www.fangraphs.com/players/jason-castro/8722/stats?position=C,6/18/1987,MIL
jong12291993,Chase De Jong,Chase De Jong ,https://www.fangraphs.com/players/chase-de-jong/15036/stats?position=P,12/29/1993,MIL
avel2141995,Abiatal Avelino,Abiatal Avelino ,https://www.fangraphs.com/players/abiatal-avelino/15496/stats?position=SS,2/14/1995,MIL
hall5221999,Adam Hall,Adam Hall ,https://www.fangraphs.com/players/adam-hall/sa3005077/stats?position=2B/SS,5/22/1999,MIL
jack511996,Andre Jackson,Andre Jackson ,https://www.fangraphs.com/players/andre-jackson/21298/stats?position=P,5/1/1996,MIL
sier2151994,Anibal Sierra,Anibal Sierra ,https://www.fangraphs.com/players/anibal-sierra/sa908626/stats?position=SS,2/15/1994,MIL
cox3281997,Austin Cox,Austin Cox ,https://www.fangraphs.com/players/austin-cox/sa3007777/stats?position=P,3/28/1997,MIL
wahl3211992,Bobby Wahl,Bobby Wahl ,https://www.fangraphs.com/players/bobby-wahl/14832/stats?position=P,3/21/1992,MIL
elde5191999,Bryce Elder,Bryce Elder ,https://www.fangraphs.com/players/bryce-elder/sa3014515/stats?position=P,5/19/1999,MIL
kenn1051998,Buddy Kennedy,Buddy Kennedy ,https://www.fangraphs.com/players/clifton-kennedy/sa3004617/stats?position=3B,10/5/1998,MIL
soto4271999,Carlos Soto,Carlos Soto ,https://www.fangraphs.com/players/carlos-soto/sa900974/stats?position=C,4/27/1999,MIL
span1111995,Chad Spanberger,Chad Spanberger ,https://www.fangraphs.com/players/chad-spanberger/sa3004242/stats?position=1B/OF,11/1/1995,MIL
nyy11182001,Charlis Aquino NYY,Charlis Aquino ,https://www.fangraphs.com/players/charlis-aquino/sa3008895/stats?position=2B/SS,11/18/2001,MIL
vall3181997,Chris Vallimont,Chris Vallimont ,https://www.fangraphs.com/players/chris-vallimont/sa3008026/stats?position=P,3/18/1997,MIL
schm2201996,Clarke Schmidt,Clarke Schmidt ,https://www.fangraphs.com/players/clarke-schmidt/19899/stats?position=P,2/20/1996,MIL
mil1141996,Cody Morris MIL,Cody Morris ,https://www.fangraphs.com/players/cody-morris/sa3008653/stats?position=P,11/4/1996,MIL
mart1142002,Daniel Marte,Daniel Marte ,https://www.fangraphs.com/players/daniel-marte/sa3008781/stats?position=OF,1/14/2002,MIL
moqu9191999,Darlin Moquete,Darlin Moquete ,https://www.fangraphs.com/players/darlin-moquete/sa3005617/stats?position=OF,9/19/1999,MIL
wils1081996,DJ Wilson,D.J. Wilson ,https://www.fangraphs.com/players/darryl-wilson/sa875023/stats?position=OF,10/8/1996,MIL
felt4181997,Durbin Feltman,Durbin Feltman ,https://www.fangraphs.com/players/durbin-feltman/sa3007959/stats?position=P,4/18/1997,MIL
cole9161996,Dylan Coleman,Dylan Coleman ,https://www.fangraphs.com/players/dylan-coleman/22276/stats?position=P,9/16/1996,MIL
sant12251995,Enyel De Los Santos,Enyel De Los Santos ,https://www.fangraphs.com/players/enyel-de-los-santos/18403/stats?position=P,12/25/1995,MIL
stee11141996,Evan Steele,Evan Steele ,https://www.fangraphs.com/players/james-steele/sa915636/stats?position=P,11/14/1996,MIL
mil1191995,Fernery Ozuna MIL,Fernery Ozuna ,https://www.fangraphs.com/players/fernery-ozuna/sa739259/stats?position=2B,11/9/1995,MIL
baez312003,Franyel Baez,Franyel Baez ,https://www.fangraphs.com/players/franyel-baez/sa3017216/stats?position=OF,3/1/2003,MIL
lava12281994,Gavin Lavalley,Gavin LaValley ,https://www.fangraphs.com/players/gavin-lavalley/sa828878/stats?position=1B/3B,12/28/1994,MIL
carr9131998,Gerardo Carrillo,Gerardo Carrillo ,https://www.fangraphs.com/players/gerardo-carrillo/sa3002790/stats?position=P,9/13/1998,MIL
arri671998,Gio Arriera,Gio Arriera ,https://www.fangraphs.com/players/giovanni-arriera/sa3004465/stats?position=P,6/7/1998,MIL
with9271996,Grant Witherspoon,Grant Witherspoon ,https://www.fangraphs.com/players/grant-witherspoon/sa3007047/stats?position=OF,9/27/1996,MIL
dann9301998,Hagen Danner,Hagen Danner ,https://www.fangraphs.com/players/hagen-danner/sa3004501/stats?position=C,9/30/1998,MIL
hern12161999,Heriberto Hernandez,Heriberto Hernandez ,https://www.fangraphs.com/players/heriberto-hernandez/sa3005630/stats?position=1B/OF,12/16/1999,MIL
brow8291998,Hunter Brown,Hunter Brown ,https://www.fangraphs.com/players/hunter-brown/sa3010571/stats?position=P,8/29/1998,MIL
mil7141995,Isaac Mattson MIL,Isaac Mattson ,https://www.fangraphs.com/players/isaac-mattson/20385/stats?position=P,7/14/1995,MIL
enca1171998,Jean Carlos Encarnacion,JC Encarnacion ,https://www.fangraphs.com/players/jean-encarnacion/sa921562/stats?position=3B,1/17/1998,MIL
walk6121995,Jeremy Walker,Jeremy Walker ,https://www.fangraphs.com/players/jeremy-walker/19981/stats?position=P,6/12/1995,MIL
cord10191991,Jimmy Cordero,Jimmy Cordero ,https://www.fangraphs.com/players/jimmy-cordero/15690/stats?position=P,10/19/1991,MIL
gove12111996,Jimmy Govern,Jimmy Govern ,https://www.fangraphs.com/players/james-govern/sa3010166/stats?position=3B,12/11/1996,MIL
roja8142000,Johan Rojas,Johan Rojas ,https://www.fangraphs.com/players/johan-rojas/sa3005784/stats?position=OF,8/14/2000,MIL
teng1211998,Kai-Wei Teng,Kai-Wei Teng ,https://www.fangraphs.com/players/kai-wei-teng/sa3007229/stats?position=P,12/1/1998,MIL
eman641992,Kent Emanuel,Kent Emanuel ,https://www.fangraphs.com/players/kent-emanuel/15849/stats?position=P,6/4/1992,MIL
finn941991,Kyle Finnegan,Kyle Finnegan ,https://www.fangraphs.com/players/kyle-finnegan/15009/stats?position=P,9/4/1991,MIL
thom8231995,Lane Thomas,Lane Thomas ,https://www.fangraphs.com/players/lane-thomas/16939/stats?position=OF,8/23/1995,MIL
diaz11191996,Lewin Diaz,Lewin Díaz ,https://www.fangraphs.com/players/lewin-diaz/18365/stats?position=1B,11/19/1996,MIL
dris1131997,Logan Driscoll,Logan Driscoll ,https://www.fangraphs.com/players/logan-driscoll/sa3009882/stats?position=C/OF,11/3/1997,MIL
curb11101997,Luis Curbelo,Luis Curbelo ,https://www.fangraphs.com/players/luis-curbelo/sa918086/stats?position=3B/SS,11/10/1997,MIL
garc5162000,Luis V. Garcia,Luis García ,https://www.fangraphs.com/players/luis-garcia/20391/stats?position=2B,5/16/2000,MIL
baut10151997,Mariel Bautista,Mariel Bautista ,https://www.fangraphs.com/players/mariel-bautista/sa872535/stats?position=OF,10/15/1997,MIL
libe1161999,Matthew Liberatore,Matthew Liberatore ,https://www.fangraphs.com/players/matthew-liberatore/sa3008163/stats?position=P,11/6/1999,MIL
diaz11281994,Miguel A. Diaz,Miguel Diaz ,https://www.fangraphs.com/players/miguel-diaz/18815/stats?position=P,11/28/1994,MIL
rome4231994,Miguel Romero,Miguel Romero ,https://www.fangraphs.com/players/luis-romero/sa3003109/stats?position=P,4/23/1994,MIL
murp6101995,Patrick Murphy,Patrick Murphy ,https://www.fangraphs.com/players/patrick-murphy/19712/stats?position=P,6/10/1995,MIL
page9171998,Pedro Pages,Pedro Pages ,https://www.fangraphs.com/players/pedro-pages/sa3010339/stats?position=C,9/17/1998,MIL
mil4182000,Prelander Berroa MIL,Prelander Berroa ,https://www.fangraphs.com/players/prelander-berroa/sa3005069/stats?position=P,4/18/2000,MIL
garc1101994,Rico Garcia,Rico Garcia ,https://www.fangraphs.com/players/rico-garcia/20023/stats?position=P,1/10/1994,MIL
pina11261998,Robinson Pina,Robinson Pina ,https://www.fangraphs.com/players/robinson-pina/sa3003123/stats?position=P,11/26/1998,MIL
elli1211995,RV Drew Ellis,Drew Ellis ,https://www.fangraphs.com/players/drew-ellis/19873/stats?position=3B,12/1/1995,MIL
wong4171995,RVR1 Kean Wong,Kean Wong ,https://www.fangraphs.com/players/kean-wong/15994/stats?position=2B/OF,4/17/1995,MIL
mcbr491992,Ryan McBroom,Ryan McBroom ,https://www.fangraphs.com/players/ryan-mcbroom/16524/stats?position=1B/OF,4/9/1992,MIL
meis541994,Ryan Meisinger,Ryan Meisinger ,https://www.fangraphs.com/players/ryan-meisinger/18105/stats?position=P,5/4/1994,MIL
dubi961995,Shawn Dubin,Shawn Dubin ,https://www.fangraphs.com/players/shawn-dubin/sa3007248/stats?position=P,9/6/1995,MIL
ward1161997,Thad Ward,Thaddeus Ward ,https://www.fangraphs.com/players/thaddeus-ward/sa3008098/stats?position=P,1/16/1997,MIL
mayz1151992,Tim Mayza,Tim Mayza ,https://www.fangraphs.com/players/tim-mayza/15042/stats?position=P,1/15/1992,MIL
evel12301993,Tommy Eveld,Tommy Eveld ,https://www.fangraphs.com/players/tommy-eveld/sa918150/stats?position=P,12/30/1993,MIL
swag8191997,Travis Swaggerty,Travis Swaggerty ,https://www.fangraphs.com/players/travis-swaggerty/sa3007512/stats?position=OF,8/19/1997,MIL
step11251995,Trevor Stephan,Trevor Stephan ,https://www.fangraphs.com/players/trevor-stephan/19932/stats?position=P,11/25/1995,MIL
mil8271998,Victor Castaneda  MIL,Victor Castaneda ,https://www.fangraphs.com/players/victor-castaneda/sa978399/stats?position=P,8/27/1998,MIL
wils7211998,Will Wilson,Will Wilson ,https://www.fangraphs.com/players/will-wilson/sa3009871/stats?position=SS,7/21/1998,MIL
antu10261999,Yasel Antuna,Yasel Antuna ,https://www.fangraphs.com/players/yasel-antuna/sa962601/stats?position=SS,10/26/1999,MIL
sant1272000,Yeison Santana,Yeison Santana ,https://www.fangraphs.com/players/yeison-santana/sa3005730/stats?position=SS,12/7/2000,MIL
burd391995,Zack Burdi,Zack Burdi ,https://www.fangraphs.com/players/zack-burdi/19159/stats?position=P,3/9/1995,MIL
grav12211990,Kendall Graveman,Kendall Graveman ,https://www.fangraphs.com/players/kendall-graveman/15514/stats?position=P,12/21/1990,
feli6281993,Michael Feliz,Michael Feliz ,https://www.fangraphs.com/players/michael-feliz/11903/stats?position=P,6/28/1993,
wrig8301984,Steven Wright,Steven Wright ,https://www.fangraphs.com/players/steven-wright/8185/stats?position=P,8/30/1984,
desc4181990,Anthony Desclafani,Anthony DeSclafani ,https://www.fangraphs.com/players/anthony-desclafani/13050/stats?position=P,4/18/1990,
smit561993,Mallex Smith,Mallex Smith ,https://www.fangraphs.com/players/mallex-smith/13608/stats?position=OF,5/6/1993,
davi271993,Zach Davies,Zach Davies ,https://www.fangraphs.com/players/zach-davies/13183/stats?position=P,2/7/1993,
lewi7131995,Kyle Lewis,Kyle Lewis ,https://www.fangraphs.com/players/kyle-lewis/19508/stats?position=OF,7/13/1995,PIT
gagn6261990,Andrew Gagnon,Drew Gagnon 가뇽,https://www.fangraphs.com/players/drew-gagnon/12545/stats?position=P,6/26/1990,PIT
john1271990,Brian Johnson,Brian Johnson ,https://www.fangraphs.com/players/brian-johnson/14272/stats?position=P,12/7/1990,PIT
brew10291992,Colten Brewer,Colten Brewer ,https://www.fangraphs.com/players/colten-brewer/12997/stats?position=P,10/29/1992,PIT
jr10261992,"Dwight Smith, Jr",Dwight Smith Jr. ,https://www.fangraphs.com/players/dwight-smith-jr/13473/stats?position=OF,10/26/1992,PIT
owen7211992,Henry Owens,Henry Owens ,https://www.fangraphs.com/players/henry-owens/13143/stats?position=P,7/21/1992,PIT
ande9281992,Justin Anderson,Justin Anderson ,https://www.fangraphs.com/players/justin-anderson/16201/stats?position=P,9/28/1992,PIT
hani12231990,Mitch Haniger,Mitch Haniger ,https://www.fangraphs.com/players/mitch-haniger/14274/stats?position=OF,12/23/1990,PIT
manc3181992,Trey Mancini,Trey Mancini ,https://www.fangraphs.com/players/trey-mancini/15149/stats?position=1B/OF,3/18/1992,PIT
midd9121993,Keynan Middleton,Keynan Middleton ,https://www.fangraphs.com/players/keynan-middleton/15264/stats?position=P,9/12/1993,PIT
pive2141993,Nick Pivetta,Nick Pivetta ,https://www.fangraphs.com/players/nick-pivetta/15454/stats?position=P,2/14/1993,PIT
lecl12191993,Jose Leclerc,José Leclerc ,https://www.fangraphs.com/players/jose-leclerc/14524/stats?position=P,12/19/1993,PIT
lope121993,Yoan Lopez,Yoan López ,https://www.fangraphs.com/players/yoan-lopez/17181/stats?position=P,1/2/1993,PIT
albe10171992,Hanser Alberto,Hanser Alberto ,https://www.fangraphs.com/players/hanser-alberto/11902/stats?position=2B/3B,10/17/1992,PIT
zuni3251991,Mike Zunino,Mike Zunino ,https://www.fangraphs.com/players/mike-zunino/13265/stats?position=C,3/25/1991,PIT
vela671992,Vince Velasquez,Vince Velasquez ,https://www.fangraphs.com/players/vince-velasquez/11189/stats?position=P,6/7/1992,PIT
wood2101993,Brandon Woodruff,Brandon Woodruff ,https://www.fangraphs.com/players/brandon-woodruff/16162/stats?position=P,2/10/1993,PIT
pere12231988,Roberto Perez,Roberto Pérez ,https://www.fangraphs.com/players/roberto-perez/2900/stats?position=C,12/23/1988,PIT
ursh10111991,Giovanny Urshela,Gio Urshela ,https://www.fangraphs.com/players/gio-urshela/10681/stats?position=3B,10/11/1991,PIT
olso3291994,Matt Olson,Matt Olson ,https://www.fangraphs.com/players/matt-olson/14344/stats?position=1B,3/29/1994,PIT
soto10251998,Juan Soto,Juan Soto ,https://www.fangraphs.com/players/juan-soto/20123/stats?position=OF,10/25/1998,PIT
colo12311988,Alex Colome,Alex Colomé ,https://www.fangraphs.com/players/alex-colome/6661/stats?position=P,12/31/1988,PIT
segu3171990,Jean Segura,Jean Segura ,https://www.fangraphs.com/players/jean-segura/5933/stats?position=SS,3/17/1990,PIT
whee5301990,Zach Wheeler,Zack Wheeler ,https://www.fangraphs.com/players/zack-wheeler/10310/stats?position=P,5/30/1990,PIT
stra7201988,Stephen Strasburg,Stephen Strasburg ,https://www.fangraphs.com/players/stephen-strasburg/10131/stats?position=P,7/20/1988,PIT
carl10231998,Dylan Carlson,Dylan Carlson ,https://www.fangraphs.com/players/dylan-carlson/20126/stats?position=OF,10/23/1998,PIT
cast4241997,Willi Castro,Willi Castro ,https://www.fangraphs.com/players/willi-castro/17338/stats?position=2B/SS,4/24/1997,PIT
bote471993,David Bote,David Bote ,https://www.fangraphs.com/players/david-bote/14593/stats?position=2B/3B,4/7/1993,PIT
mont711989,Mike Montgomery,Mike Montgomery ,https://www.fangraphs.com/players/mike-montgomery/4869/stats?position=P,7/1/1989,PIT
will3121999,Alika Williams,Alika Williams ,https://www.fangraphs.com/players/alexander-williams/sa3014427/stats?position=SS,3/12/1999,PIT
torr10311995,Andres Torres,Andres Torres ,https://www.fangraphs.com/players/andres-torres/sa828533/stats?position=P,10/31/1995,PIT
iban431993,Andy Ibanez,Andy Ibáñez ,https://www.fangraphs.com/players/andy-ibanez/18819/stats?position=2B,4/3/1993,PIT
hern712001,Ben Hernandez,Ben Hernandez ,https://www.fangraphs.com/players/david-hernandez/sa3014541/stats?position=P,7/1/2001,PIT
dalb6291995,Bobby Dalbec,Bobby Dalbec ,https://www.fangraphs.com/players/bobby-dalbec/19966/stats?position=1B,6/29/1995,PIT
elli841990,Brian Ellington,Brian Ellington ,https://www.fangraphs.com/players/brian-ellington/17233/stats?position=P,8/4/1990,PIT
cann10161997,Cameron Cannon,Cameron Cannon ,https://www.fangraphs.com/players/cameron-cannon/sa3011467/stats?position=2B/SS,10/16/1997,PIT
hill5241994,Cameron Hill,Cam Hill ,https://www.fangraphs.com/players/cameron-hill/16840/stats?position=P,5/24/1994,PIT
sole10291999,Carlos Soler,Carlos Soler ,https://www.fangraphs.com/players/carlos-soler/sa3003320/stats?position=OF,10/29/1999,PIT
will2162002,Case Williams,Case Williams ,https://www.fangraphs.com/players/case-williams/sa3015013/stats?position=P,2/16/2002,PIT
cruz3282002,Christopher Cruz,Cristopher Cruz ,https://www.fangraphs.com/players/cristopher-cruz/sa3008884/stats?position=1B/3B,3/28/2002,PIT
phil542001,Connor Phillips,Connor Phillips ,https://www.fangraphs.com/players/connor-phillips/sa3014433/stats?position=P,5/4/2001,PIT
blan4261993,Dairon Blanco,Dairon Blanco ,https://www.fangraphs.com/players/dairon-blanco/sa3005386/stats?position=OF,4/26/1993,PIT
pit411999,Dane Acker PIT,Dane Acker ,https://www.fangraphs.com/players/dane-acker/sa3014924/stats?position=P,4/1/1999,PIT
hern12171996,Darwinzon Hernandez,Darwinzon Hernandez ,https://www.fangraphs.com/players/darwinzon-hernandez/19848/stats?position=P,12/17/1996,PIT
reye1121996,Denyi Reyes,Denyi Reyes ,https://www.fangraphs.com/players/denyi-reyes/sa872864/stats?position=P,11/2/1996,PIT
fish8211993,Derek Fisher,Derek Fisher ,https://www.fangraphs.com/players/derek-fisher/16192/stats?position=OF,8/21/1993,PIT
jame8171997,Drey Jameson,Drey Jameson ,https://www.fangraphs.com/players/drey-jameson/sa3011652/stats?position=P,8/17/1997,PIT
mcge12261997,Easton Mcgee,Easton McGee ,https://www.fangraphs.com/players/easton-mcgee/sa917971/stats?position=P,12/26/1997,PIT
morg5131996,Eli Morgan,Eli Morgan ,https://www.fangraphs.com/players/eli-morgan/20203/stats?position=P,5/13/1996,PIT
cart8292002,Evan Carter,Evan Carter ,https://www.fangraphs.com/players/evan-carter/sa3014490/stats?position=OF,8/29/2002,PIT
labo5111998,Franklin Labour,Franklin Labour ,https://www.fangraphs.com/players/franklin-labour/sa916848/stats?position=OF,5/11/1998,PIT
choi5272000,Hyun-il Choi,Hyun-il Choi ,https://www.fangraphs.com/players/hyun-il-choi/sa3009992/stats?position=P,5/27/2000,PIT
isab6201995,Ibandel Isabel,Ibandel Isabel ,https://www.fangraphs.com/players/ibandel-isabel/sa737017/stats?position=1B,6/20/1995,PIT
rusc7181996,Jagger Rusconi,Jagger Rusconi ,https://www.fangraphs.com/players/jagger-rusconi/sa875030/stats?position=2B/OF,7/18/1996,PIT
hoyi5181989,Jared Hoying,Jared Hoying 호잉,https://www.fangraphs.com/players/jared-hoying/10882/stats?position=OF,5/18/1989,PIT
mart951995,Jason Martin,Jason Martin ,https://www.fangraphs.com/players/jason-martin/16429/stats?position=OF,9/5/1995,PIT
gros7201998,Jaxx Groshans,Jaxx Groshans ,https://www.fangraphs.com/players/jaxx-groshans/sa3010160/stats?position=C,7/20/1998,PIT
rosa10221999,Jeisson Rosario,Jeisson Rosario ,https://www.fangraphs.com/players/jeisson-rosario/sa3004146/stats?position=OF,10/22/1999,PIT
mcca2231994,Joe McCarthy,Joe McCarthy ,https://www.fangraphs.com/players/joe-mccarthy/18399/stats?position=OF,2/23/1994,PIT
alca7281995,Jorge Alcala,Jorge Alcala ,https://www.fangraphs.com/players/jorge-alcala/19459/stats?position=P,7/28/1995,PIT
cruz132002,Jose De La Cruz,Jose De La Cruz ,https://www.fangraphs.com/players/jose-de-la-cruz/sa3008747/stats?position=OF,1/3/2002,PIT
deve1271999,Jose Devers,José Devers ,https://www.fangraphs.com/players/jose-devers/20540/stats?position=2B/SS,12/7/1999,PIT
roja2241993,Jose Rojas,Jose Rojas ,https://www.fangraphs.com/players/jose-rojas/19331/stats?position=OF,2/24/1993,PIT
sori10201998,Jose Soriano,José Soriano ,https://www.fangraphs.com/players/jose-soriano/sa916702/stats?position=P,10/20/1998,PIT
tobi11231992,Josh Tobias,Josh Tobias ,https://www.fangraphs.com/players/joshua-tobias/sa599333/stats?position=2B,11/23/1992,PIT
rami491999,Juan Ramirez,Juan Ramirez ,https://www.fangraphs.com/players/juan-ramirez/sa917018/stats?position=OF,4/9/1999,PIT
lang9112001,Justin Lange,Justin Lange ,https://www.fangraphs.com/players/justin-lange/sa3014517/stats?position=P,9/11/2001,PIT
erce511995,Lucas Erceg,Lucas Erceg ,https://www.fangraphs.com/players/lucas-erceg/sa872722/stats?position=3B,5/1/1995,PIT
velo12151999,Luis Veloz,Luis Veloz ,https://www.fangraphs.com/players/luis-veloz/sa3002850/stats?position=OF,12/15/1999,PIT
nune392001,Malcom Nunez,Malcom Nunez ,https://www.fangraphs.com/players/malcom-nunez/sa3008113/stats?position=3B,3/9/2001,PIT
zeig981996,Malique Zeigler,Malique Ziegler ,https://www.fangraphs.com/players/malique-ziegler/sa918507/stats?position=OF,9/8/1996,PIT
feli11201998,Mario Feliciano,Mario Feliciano ,https://www.fangraphs.com/players/mario-feliciano/20263/stats?position=PH/PR,11/20/1998,PIT
thom8112000,Matthew Thompson,Matthew Thompson ,https://www.fangraphs.com/players/matthew-thompson/sa3011866/stats?position=P,8/11/2000,PIT
pit9271999,Mitchell Parker PIT,Mitchell Parker ,https://www.fangraphs.com/players/mitchell-parker/sa3014973/stats?position=P,9/27/1999,PIT
flor10262001,Omar Florentino,Omar Florentino ,https://www.fangraphs.com/players/omar-florentino/sa3008758/stats?position=2B/SS,10/26/2001,PIT
bail5291999,Patrick Bailey,Patrick Bailey ,https://www.fangraphs.com/players/patrick-bailey/sa3014442/stats?position=C,5/29/1999,PIT
bick7101995,Phil Bickford,Phil Bickford ,https://www.fangraphs.com/players/phil-bickford/18519/stats?position=P,7/10/1995,PIT
john5101991,Pierce Johnson,Pierce Johnson ,https://www.fangraphs.com/players/pierce-johnson/13435/stats?position=P,5/10/1991,PIT
flor752000,Randy Florentino,Randy Florentino ,https://www.fangraphs.com/players/randy-florentino/sa3005529/stats?position=C,7/5/2000,PIT
cast5211999,Rodolfo Castro,Rodolfo Castro ,https://www.fangraphs.com/players/rodolfo-castro/21987/stats?position=2B,5/21/1999,PIT
wick1191992,Rowan Wick,Rowan Wick ,https://www.fangraphs.com/players/rowan-wick/14646/stats?position=P,11/9/1992,PIT
pit1081999,Ryan Murphy PIT,Ryan Murphy ,https://www.fangraphs.com/players/ryan-murphy/sa3014871/stats?position=P,10/8/1999,PIT
weat5281999,Sam Weatherly,Sam Weatherly ,https://www.fangraphs.com/players/samuel-weatherly/sa3014455/stats?position=P,5/28/1999,PIT
hurs3251996,Scott Hurst,Scott Hurst ,https://www.fangraphs.com/players/scott-hurst/20501/stats?position=OF,3/25/1996,PIT
dods591997,Tanner Dodson,Tanner Dodson ,https://www.fangraphs.com/players/tanner-dodson/sa3007008/stats?position=P/OF,5/9/1997,PIT
roby9182001,Tekoah Roby,Tekoah Roby ,https://www.fangraphs.com/players/tekoah-roby/sa3014519/stats?position=P,9/18/2001,PIT
laki6291994,Travis Lakins,Travis Lakins Sr. ,https://www.fangraphs.com/players/travis-lakins/18600/stats?position=P,6/29/1994,PIT
barr9151994,Tres Barrera,Tres Barrera ,https://www.fangraphs.com/players/tres-barrera/19977/stats?position=C,9/15/1994,PIT
casa1152000,Triston Casas,Triston Casas ,https://www.fangraphs.com/players/triston-casas/sa3007634/stats?position=1B,1/15/2000,PIT
lin2151994,Tzu-Wei Lin,Tzu-Wei Lin ,https://www.fangraphs.com/players/tzu-wei-lin/14678/stats?position=2B/SS,2/15/1994,PIT
almo641994,Yency Almonte,Yency Almonte ,https://www.fangraphs.com/players/yency-almonte/15068/stats?position=P,6/4/1994,PIT
rami561995,Yohan Ramirez,Yohan Ramirez ,https://www.fangraphs.com/players/yohan-ramirez/19444/stats?position=P,5/6/1995,PIT
clip2141985,Tyler Clippard,Tyler Clippard ,https://www.fangraphs.com/players/tyler-clippard/5640/stats?position=P,2/14/1985,
sori5181984,Joakim Soria,Joakim Soria ,https://www.fangraphs.com/players/joakim-soria/6941/stats?position=P,5/18/1984,
beed5231993,Tyler Beede,Tyler Beede ,https://www.fangraphs.com/players/tyler-beede/16981/stats?position=P,5/23/1993,STL
holm3271993,Clay Holmes,Clay Holmes ,https://www.fangraphs.com/players/clay-holmes/13649/stats?position=P,3/27/1993,STL
wagu1151993,Jacob Waguespack,Jacob Waguespack ,https://www.fangraphs.com/players/jacob-waguespack/18318/stats?position=P,11/5/1993,STL
harv191992,Joe Harvey,Joe Harvey ,https://www.fangraphs.com/players/joe-harvey/16459/stats?position=P,1/9/1992,STL
mail261991,Luke Maile,Luke Maile ,https://www.fangraphs.com/players/luke-maile/13355/stats?position=C,2/6/1991,STL
pann4281994,Thomas Pannone,Thomas Pannone ,https://www.fangraphs.com/players/thomas-pannone/17281/stats?position=P,4/28/1994,STL
coul10261989,Daniel Coulombe,Danny Coulombe ,https://www.fangraphs.com/players/danny-coulombe/13293/stats?position=P,10/26/1989,STL
adri8211989,Ehire Adrianza,Ehire Adrianza ,https://www.fangraphs.com/players/ehire-adrianza/8418/stats?position=SS,8/21/1989,STL
pera7271991,Wandy Peralta,Wandy Peralta ,https://www.fangraphs.com/players/wandy-peralta/14295/stats?position=P,7/27/1991,STL
sims5101994,Lucas Sims,Lucas Sims ,https://www.fangraphs.com/players/lucas-sims/13470/stats?position=P,5/10/1994,STL
drak1131987,Oliver Drake,Oliver Drake ,https://www.fangraphs.com/players/oliver-drake/8823/stats?position=P,1/13/1987,STL
farm2201991,Buck Farmer,Buck Farmer ,https://www.fangraphs.com/players/buck-farmer/14814/stats?position=P,2/20/1991,STL
narv2101992,Omar Narvaez,Omar Narváez ,https://www.fangraphs.com/players/omar-narvaez/13338/stats?position=C,2/10/1992,STL
mcne481992,Jeff McNeil,Jeff McNeil ,https://www.fangraphs.com/players/jeff-mcneil/15362/stats?position=2B/OF,4/8/1992,STL
cobb1071987,Alex Cobb,Alex Cobb ,https://www.fangraphs.com/players/alex-cobb/6562/stats?position=P,10/7/1987,STL
vaug431998,Andrew Vaughn,Andrew Vaughn ,https://www.fangraphs.com/players/andrew-vaughn/26197/stats?position=OF,4/3/1998,STL
indi12151996,Jonathan India,Jonathan India ,https://www.fangraphs.com/players/jonathan-india/21523/stats?position=2B,12/15/1996,STL
crow991994,Wil Crowe,Wil Crowe ,https://www.fangraphs.com/players/wil-crowe/19800/stats?position=P,9/9/1994,STL
kine3231995,Isiah Kiner-Falefa,Isiah Kiner-Falefa ,https://www.fangraphs.com/players/isiah-kiner-falefa/16512/stats?position=3B/SS,3/23/1995,STL
cous7141994,Jake Cousins,Jake Cousins ,https://www.fangraphs.com/players/jake-cousins/21620/stats?position=P,7/14/1994,STL
sher12271991,Jimmy Sherfy,Jimmie Sherfy ,https://www.fangraphs.com/players/jimmie-sherfy/15118/stats?position=P,12/27/1991,STL
peac2271994,Matt Peacock,Matt Peacock ,https://www.fangraphs.com/players/matt-peacock/20339/stats?position=P,2/27/1994,STL
ridi8141995,Stephen Ridings,Stephen Ridings ,https://www.fangraphs.com/players/stephen-ridings/22358/stats?position=P,8/14/1995,STL
sauc6181993,Tayler Saucedo,Tayler Saucedo ,https://www.fangraphs.com/players/tayler-saucedo/17888/stats?position=P,6/18/1993,STL
more2271999,Adrian Morejon,Adrian Morejon ,https://www.fangraphs.com/players/adrian-morejon/20039/stats?position=P,2/27/1999,STL
bohm831996,Alec Bohm,Alec Bohm ,https://www.fangraphs.com/players/alec-bohm/21618/stats?position=3B,8/3/1996,STL
jesu3222002,Alex De Jesus,Alex De Jesus ,https://www.fangraphs.com/players/alex-de-jesus/sa3008842/stats?position=SS,3/22/2002,STL
varg10292001,Alexander Vargas,Alexander Vargas ,https://www.fangraphs.com/players/alexander-vargas/sa3008851/stats?position=SS,10/29/2001,STL
flor10142000,Antoni Flores,Antoni Flores ,https://www.fangraphs.com/players/antoni-flores/sa3005489/stats?position=3B/SS,10/14/2000,STL
burr9181996,Beau Burrows,Beau Burrows ,https://www.fangraphs.com/players/beau-burrows/18873/stats?position=P,9/18/1996,STL
wals6282001,Blake Walston,Blake Walston ,https://www.fangraphs.com/players/matthew-walston/sa3011814/stats?position=P,6/28/2001,STL
feig12271990,Brady Feigl,Brady Feigl ,https://www.fangraphs.com/players/brady-feigl/sa824867/stats?position=P,12/27/1990,STL
howl9121999,Brandon Howlett,Brandon Howlett ,https://www.fangraphs.com/players/brandon-howlett/sa3007745/stats?position=3B,9/12/1999,STL
koch1271995,Brandon Koch,Brandon Koch ,https://www.fangraphs.com/players/brandon-koch/sa829646/stats?position=P,12/7/1995,STL
bell5171999,Brayan Bello,Brayan Bello ,https://www.fangraphs.com/players/brayan-bello/sa3005436/stats?position=P,5/17/1999,STL
stev9121996,Cal Stevenson,Cal Stevenson ,https://www.fangraphs.com/players/cal-stevenson/sa3006871/stats?position=OF,9/12/1996,STL
stl9222003,Carlos Jorge STL,Carlos Jorge ,https://www.fangraphs.com/players/carlos-jorge/sa3016722/stats?position=2B/SS,9/22/2003,STL
shep8251992,Chandler Shepherd,Chandler Shepherd ,https://www.fangraphs.com/players/chandler-shepherd/16166/stats?position=P,8/25/1992,STL
roa421999,Christian Roa,Christian Roa ,https://www.fangraphs.com/players/christian-roa/sa3014477/stats?position=P,4/2/1999,STL
andr141997,Clayton Andrews,Clayton Andrews ,https://www.fangraphs.com/players/clayton-andrews/sa3007226/stats?position=P,1/4/1997,STL
wong5191996,Connor Wong,Connor Wong ,https://www.fangraphs.com/players/connor-wong/19896/stats?position=C,5/19/1996,STL
mont3311999,Daniel Montano,Daniel Montano ,https://www.fangraphs.com/players/daniel-montano/sa917068/stats?position=OF,3/31/1999,STL
stl12152003,Daniel Vazquez STL,Daniel Vazquez ,https://www.fangraphs.com/players/daniel-vazquez/sa3016143/stats?position=SS,12/15/2003,STL
paul261994,David Paulino,David Paulino ,https://www.fangraphs.com/players/david-paulino/17418/stats?position=P,2/6/1994,STL
mapl591992,Dillon Maples,Dillon Maples ,https://www.fangraphs.com/players/dillon-maples/14672/stats?position=P,5/9/1992,STL
cast1222002,Enger Castellano,Enger Castellano ,https://www.fangraphs.com/players/enger-castellano/sa3015660/stats?position=3B,12/2/2002,STL
jr6201999,Ernesto Martinez Jr,Ernesto Martinez ,https://www.fangraphs.com/players/ernesto-martinez/sa3003173/stats?position=1B,6/20/1999,STL
tarn11241998,Freddy Tarnok,Freddy Tarnok ,https://www.fangraphs.com/players/frederic-tarnok/sa3005175/stats?position=P,11/24/1998,STL
stl10151998,Gavin Stone STL,Gavin Stone ,https://www.fangraphs.com/players/gavin-stone/sa3014810/stats?position=P,10/15/1998,STL
feli9212002,George Feliz,George Feliz ,https://www.fangraphs.com/players/george-feliz/sa3015596/stats?position=OF,9/21/2002,STL
vale11132000,George Valera,George Valera ,https://www.fangraphs.com/players/george-valera/sa3006872/stats?position=OF,11/13/2000,STL
jime782000,Gilberto Jimenez,Gilberto Jimenez ,https://www.fangraphs.com/players/gilberto-jimenez/sa3005507/stats?position=OF,7/8/2000,STL
ford3111998,Grant Ford,Grant Ford ,https://www.fangraphs.com/players/grant-ford/sa3010625/stats?position=P,3/11/1998,STL
holm3221996,Grant Holmes,Grant Holmes ,https://www.fangraphs.com/players/harrison-holmes/sa828669/stats?position=P,3/22/1996,STL
deic5311995,Greg Deichman,Greg Deichmann ,https://www.fangraphs.com/players/greg-deichmann/19872/stats?position=OF,5/31/1995,STL
crou9151998,Hans Crouse,Hans Crouse ,https://www.fangraphs.com/players/hans-crouse/22192/stats?position=P,9/15/1998,STL
ramo971999,Heliot Ramos,Heliot Ramos ,https://www.fangraphs.com/players/heliot-ramos/sa3004693/stats?position=OF,9/7/1999,STL
head482001,Hudson Head,Hudson Head ,https://www.fangraphs.com/players/john-head/sa3010889/stats?position=OF,4/8/2001,STL
bish6251998,Hunter Bishop,Hunter Bishop ,https://www.fangraphs.com/players/hunter-bishop/sa3011413/stats?position=OF,6/25/1998,STL
cosa2111994,Jake Cosart,Jake Cosart ,https://www.fangraphs.com/players/jake-cosart/sa828802/stats?position=P,2/11/1994,STL
jewe5161993,Jake Jewell,Jake Jewell ,https://www.fangraphs.com/players/jake-jewell/16958/stats?position=P,5/16/1993,STL
shus831998,Jared Shuster,Jared Shuster ,https://www.fangraphs.com/players/jared-shuster/sa3014483/stats?position=P,8/3/1998,STL
dura951996,Jarren Duran,Jarren Duran ,https://www.fangraphs.com/players/jarren-duran/24617/stats?position=OF,9/5/1996,STL
davi711994,Jaylin Davis,Jaylin Davis ,https://www.fangraphs.com/players/jaylin-davis/19552/stats?position=OF,7/1/1994,STL
lamb11181994,Jimmy Lambert,Jimmy Lambert ,https://www.fangraphs.com/players/jimmy-lambert/19541/stats?position=P,11/18/1994,STL
adel481999,Jo Adell,Jo Adell ,https://www.fangraphs.com/players/jo-adell/20220/stats?position=OF,4/8/1999,STL
orne5262000,Jonathan Ornelas,Jonathan Ornelas ,https://www.fangraphs.com/players/jonathan-ornelas/sa3006909/stats?position=SS,5/26/2000,STL
gros11101999,Jordan Groshans,Jordan Groshans ,https://www.fangraphs.com/players/jordan-groshans/sa3006893/stats?position=3B/SS,11/10/1999,STL
guer811996,Jordan Guerrero,Jordan Guerrero ,https://www.fangraphs.com/players/jordan-guerrero/sa875153/stats?position=P,8/1/1996,STL
west2181999,Jordan Westburg,Jordan Westburg ,https://www.fangraphs.com/players/jordan-westburg/sa3014499/stats?position=3B/SS,2/18/1999,STL
adam10181999,Jordyn Adams,Jordyn Adams ,https://www.fangraphs.com/players/jordyn-adams/sa3008032/stats?position=OF,10/18/1999,STL
chac1242002,Juan Chacon,Juan Chacon ,https://www.fangraphs.com/players/juan-chacon/sa3014676/stats?position=OF,12/4/2002,STL
guer9102001,Juan Guerrero,Juan Guerrero ,https://www.fangraphs.com/players/juan-guerrero/sa3008759/stats?position=3B/OF,9/10/2001,STL
then272000,Juan Then,Juan Then ,https://www.fangraphs.com/players/juan-then/sa3002793/stats?position=P,2/7/2000,STL
,Junior Tillen,,,,STL
ruiz7201998,Keibert Ruiz,Keibert Ruiz ,https://www.fangraphs.com/players/keibert-ruiz/19610/stats?position=C,7/20/1998,STL
moss8202001,Keithron Moss,Keithron Moss ,https://www.fangraphs.com/players/keithron-moss/sa3005599/stats?position=2B,8/20/2001,STL
made9102002,Kevin Made,Kevin Made ,https://www.fangraphs.com/players/kevin-made/sa3014679/stats?position=SS,9/10/2002,STL
hoes7131997,Kody Hoese,Kody Hoese ,https://www.fangraphs.com/players/kody-hoese/sa3010021/stats?position=3B,7/13/1997,STL
warm961995,Logan Warmoth,Logan Warmoth ,https://www.fangraphs.com/players/logan-warmoth/sa3004813/stats?position=SS/OF,9/6/1995,STL
basa8261996,Luis Alexander Basabe,Luis Alexander Basabe ,https://www.fangraphs.com/players/luis-alexander-basabe/17839/stats?position=OF,8/26/1996,STL
fria5231998,Luis Frias,Luis Frías ,https://www.fangraphs.com/players/luis-frias/21997/stats?position=P,5/23/1998,STL
(cws9101995,Luis Gonzalez (CWS),Luis González ,https://www.fangraphs.com/players/luis-gonzalez/20332/stats?position=OF,9/10/1995,STL
back10102001,Mahki Backstrom,Mahki Backstrom ,https://www.fangraphs.com/players/mahki-backstrom/sa3011599/stats?position=1B,10/10/2001,STL
mele1101997,Manuel Melendez,Manuel Melendez ,https://www.fangraphs.com/players/manuel-melendez/sa828329/stats?position=OF,1/10/1997,STL
llov4171996,Mauricio Llovera,Mauricio Llovera ,https://www.fangraphs.com/players/mauricio-llovera/20080/stats?position=P,4/17/1996,STL
gore2241999,Mckenzie Gore,MacKenzie Gore ,https://www.fangraphs.com/players/mackenzie-gore/sa3005068/stats?position=P,2/24/1999,STL
adon691994,Melvin Adon,Melvin Adon ,https://www.fangraphs.com/players/melvin-adon/sa873314/stats?position=P,6/9/1994,STL
sand1101997,Nick Sandlin,Nick Sandlin ,https://www.fangraphs.com/players/nick-sandlin/20517/stats?position=P,1/10/1997,STL
john10182000,Osiris Johnson,Osiris Johnson ,https://www.fangraphs.com/players/osiris-johnson/sa3008110/stats?position=SS/OF,10/18/2000,STL
blac1241993,Paul Blackburn,Paul Blackburn ,https://www.fangraphs.com/players/paul-blackburn/14739/stats?position=P,12/4/1993,STL
stl1242003,Rickardo Perez STL,Rickardo Perez ,https://www.fangraphs.com/players/rickardo-perez/sa3015701/stats?position=C,12/4/2003,STL
ferr10181993,Riley Ferrell,Riley Ferrell ,https://www.fangraphs.com/players/riley-ferrell/sa874967/stats?position=P,10/18/1993,STL
pola8232003,Ronny Polanco,Ronny Polanco ,https://www.fangraphs.com/players/ronny-polanco/sa3015197/stats?position=1B/3B,8/23/2003,STL
hall7231993,RV Matt Hall,Matt Hall ,https://www.fangraphs.com/players/matt-hall/18076/stats?position=P,7/23/1993,STL
merr2211992,Ryan Merritt,Ryan Merritt ,https://www.fangraphs.com/players/ryan-merritt/13688/stats?position=P,2/21/1992,STL
moun2181997,Ryan Mountcastle,Ryan Mountcastle ,https://www.fangraphs.com/players/ryan-mountcastle/18373/stats?position=1B/OF,2/18/1997,STL
vila2181999,Ryan Vilade,Ryan Vilade ,https://www.fangraphs.com/players/ryan-vilade/22165/stats?position=OF,2/18/1999,STL
webe8121990,Ryan Weber,Ryan Weber ,https://www.fangraphs.com/players/ryan-weber/10160/stats?position=P,8/12/1990,STL
bouc5161996,Sean Bouchard,Sean Bouchard ,https://www.fangraphs.com/players/sean-bouchard/sa915652/stats?position=1B/OF,5/16/1996,STL
pola262004,Shalin Polanco,Shalin Polanco ,https://www.fangraphs.com/players/shalin-polanco/sa3015699/stats?position=OF,2/6/2004,STL
baz6171999,Shane Baz,Shane Baz ,https://www.fangraphs.com/players/shane-baz/22264/stats?position=P,6/17/1999,STL
newt4241999,Shervyen Newton,Shervyen Newton ,https://www.fangraphs.com/players/shervyen-newton/sa917119/stats?position=SS,4/24/1999,STL
muzz12271998,Simon Muzziotti,Símon Muzziotti ,https://www.fangraphs.com/players/simon-muzziotti/sa917376/stats?position=OF,12/27/1998,STL
szap6121996,Tom Szapucki,Thomas Szapucki ,https://www.fangraphs.com/players/thomas-szapucki/21065/stats?position=P,6/12/1996,STL
larn2261997,Trevor Larnach,Trevor Larnach ,https://www.fangraphs.com/players/trevor-larnach/21501/stats?position=OF,2/26/1997,STL
free5211999,Tyler Freeman,Tyler Freeman ,https://www.fangraphs.com/players/tyler-freeman/sa3004755/stats?position=SS,5/21/1999,STL
wade11231994,Tyler Wade,Tyler Wade ,https://www.fangraphs.com/players/tyler-wade/15730/stats?position=2B,11/23/1994,STL
zube6161995,Tyler Zuber,Tyler Zuber ,https://www.fangraphs.com/players/tyler-zuber/20379/stats?position=P,6/16/1995,STL
vodn1091999,Victor Vodnik,Victor Vodnik ,https://www.fangraphs.com/players/victor-vodnik/sa3008527/stats?position=P,10/9/1999,STL
bruj291998,Vidal Brujan,Vidal Bruján ,https://www.fangraphs.com/players/vidal-brujan/20536/stats?position=2B/OF,2/9/1998,STL
pati7182001,Wilderd Patiño,Wilderd Patino ,https://www.fangraphs.com/players/wilderd-patino/sa3007874/stats?position=OF,7/18/2001,STL
rodr10151997,Yerry Rodriguez,Yerry Rodriguez ,https://www.fangraphs.com/players/yerry-rodriguez/sa918130/stats?position=P,10/15/1997,STL
cesp9241997,Yoelqui Cespedes,Yoelqui Cespedes ,https://www.fangraphs.com/players/yoelqui-cespedes/sa3015137/stats?position=OF,9/24/1997,STL
veen12122001,Zac Veen,Zac Veen ,https://www.fangraphs.com/players/zachary-veen/sa3014516/stats?position=OF,12/12/2001,STL
gree371994,Zach Green,Zach Green ,https://www.fangraphs.com/players/zach-green/14973/stats?position=3B,3/7/1994,STL
thom10281997,Zack Thompson,Zack Thompson ,https://www.fangraphs.com/players/zachary-thompson/sa3011128/stats?position=P,10/28/1997,STL
